name	name2	strand	txStart	txEnd
NM_025822	Rsrc1	+	66789593	67162325
NM_178594	Vtcn1	+	100629381	100700845
NM_030708	Zfhx4	+	5218553	5415855
NM_001163328	Ralyl	+	13471654	14182287
NM_001173459	LOC100038947	-	15695146	15748487
NM_133218	Zfp704	-	9427009	9610085
NM_178631	Ralyl	+	13471654	14182287
NM_001146323	Hps3	-	19895944	19935310
NM_030732	Tbl1xr1	+	21975573	22115516
NM_080634	Hps3	-	19895944	19935310
NM_001146324	Hps3	-	19915220	19935310
NM_001163008	Tnik	+	28162135	28569507
NM_029412	Egfem1	+	28981498	29589978
NM_026910	Tnik	+	28162135	28569507
NM_001163007	Tnik	+	28162135	28569507
NM_001163009	Tnik	+	28162135	28565371
NM_001167748	Egfem1	+	28981498	29589978
NM_138666	Nlgn1	-	25330762	26230831
NM_183221	Fat4	+	38785861	38910905
NM_030595	Nbea	-	55429119	55987623
NM_010597	Kcnab1	+	64913289	65182147
NM_145820	Veph1	-	65857479	66100759
NM_001289450	Kcnab1	+	64992024	65182147
NM_001113420	Schip1	+	67868723	68430404
NM_001113421	Schip1	+	67868723	68430404
NM_001113419	Gm21949	+	67696141	68430404
NM_133187	Fam198b	+	79689851	79750200
NM_001111048	Fga	+	82830074	82837539
NM_010196	Fga	+	82830074	82837539
NM_001161743	Hsd3b3	-	98545398	98567051
NM_001161742	Hsd3b3	-	98545398	98567051
NM_001039376	Pde4dip	-	97493751	97692630
NM_001161745	Hsd3b3	-	98545398	98566333
NM_001289701	Pde4dip	-	97493750	97692630
NM_001161744	Hsd3b3	-	98545398	98566333
NM_001177669	Golph3l	+	95392855	95423169
NM_001012306	Hsd3b3	-	98545398	98566333
NM_001177670	Golph3l	+	95392855	95423169
NM_001082484	Snx27	-	94301463	94386638
NM_146133	Golph3l	+	95392855	95423169
NM_001289702	Pde4dip	-	97493750	97692630
NM_029721	Snx27	-	94301463	94386638
NM_028061	Cyb561d1	-	107998688	108003752
NM_201619	Nr1h5	-	102743580	102768056
NM_013629	Phtf1	+	103772180	103811414
NM_001163469	Phtf1	+	103772180	103811414
NM_001081320	Cyb561d1	-	107998688	108003752
NM_001039371	Slc22a15	-	101659693	101728376
NM_001163468	Phtf1	+	103772180	103811414
NM_001163467	Phtf1	+	103772032	103811414
NM_201622	Nr1h5	-	102743580	102768056
NM_198658	Nr1h5	-	102743580	102768056
NM_029838	Col25a1	+	129883762	130302801
NM_001244952	Col25a1	+	129883762	130302801
NM_007934	Enpep	-	128972094	129035667
NM_001040400	Tet2	-	133126640	133207354
NM_198711	Col25a1	+	129883762	130302801
NM_001277216	Bmpr1b	-	141500099	141832192
NM_001277217	Bmpr1b	-	141500099	141832192
NM_001277218	Bmpr1b	-	141500099	141594552
NM_001277220	Bmpr1b	-	141500099	141594552
NM_019571	Tspan5	+	138405171	138567397
NM_008689	Nfkb1	-	135247618	135354511
NM_007560	Bmpr1b	-	141500099	141645228
NM_172864	Wdr63	-	145703489	145771000
NM_001039094	Negr1	+	156224757	156979428
NM_001252486	Usp33	+	152009441	152056578
NM_011196	Ptger3	+	157229855	157307722
NM_133247	Usp33	+	152009441	152056578
NM_177274	Negr1	+	156224757	156834793
NM_001076676	Usp33	+	152009441	152056578
NM_013920	Hnf4g	+	3508029	3659800
NM_008371	Il7	-	7572027	7613760
NM_001313890	Il7	-	7572027	7612893
NM_001313888	Il7	-	7572027	7613760
NM_001313889	Il7	-	7572027	7613760
NM_025434	Mrps28	-	8802145	8923857
NM_001195031	Pag1	-	9687481	9833679
NM_053182	Pag1	-	9687481	9833679
NM_028915	Lrrcc1	+	14533787	14572658
NM_001163580	Lrrcc1	+	14533787	14568303
NM_001163330	Ralyl	+	13946371	14182287
NM_001163329	Ralyl	+	13946371	14182287
NM_001163579	Lrrcc1	+	14533787	14568303
NM_007825	Cyp7b1	-	17971949	18143338
NM_008802	Pde7a	-	19123108	19165008
NM_001122759	Pde7a	-	19123108	19211322
NM_013755	Gyg	-	20021969	20055015
NM_001163387	Nlgn1	-	25330762	26052229
NM_027583	Spata16	+	26536552	26826403
NM_001177626	Ect2	-	26996143	27052800
NM_007900	Ect2	-	26996143	27052776
NM_001177625	Ect2	-	26996143	27052776
NM_029150	Spata16	+	26536552	26882134
NM_001164056	Pld1	+	27837601	28032284
NM_008875	Pld1	+	27883092	28032284
NM_001164437	Tmem212	-	27764986	27795290
NM_007963	Mecom	-	29850217	29912126
NM_008857	Prkci	+	30894692	30951662
NM_001165956	Phc3	-	30798216	30868337
NM_001165955	Phc3	-	30798216	30868337
NM_001165954	Phc3	-	30798216	30868337
NM_172861	Slc7a14	-	31101777	31209241
NM_153421	Phc3	-	30798216	30868337
NM_009517	Zmat3	-	32233715	32264587
NM_021483	Pex5l	-	32846847	32981982
NM_001163516	Pex5l	-	32846847	33042113
NM_001289505	Pex5l	-	32846847	32981982
NM_001310460	Pex5l	-	32846847	32981982
NM_001113188	Fxr1	+	33919000	33968266
NM_001113189	Fxr1	+	33919000	33968266
NM_008053	Fxr1	+	33919000	33968266
NM_019510	Trpc3	-	36519403	36589089
NM_021343	Spata5	+	37318871	37478018
NM_001163511	Spata5	+	37318871	37478018
NM_001310473	Spata5	+	37318871	37478018
NM_175515	Intu	+	40439688	40508696
NM_027271	D3Ertd751e	+	41546539	41562861
NM_001099785	D3Ertd751e	+	41546539	41562861
NM_028667	D3Ertd751e	+	41546539	41562861
NM_001130184	Jade1	+	41359655	41420786
NM_001130186	Jade1	+	41368801	41420786
NM_001130185	Jade1	+	41367672	41420786
NM_172303	Jade1	+	41367304	41420786
NM_001291048	D3Ertd751e	+	41546536	41562863
NM_001098171	Pcdh10	+	45182319	45227633
NM_001098170	Pcdh10	+	45182319	45238501
NM_011990	Slc7a11	-	50168857	50247535
NM_023502	Elf2	-	51056641	51144566
NM_053089	Naa15	+	51219937	51279907
NM_001291059	Elf2	-	51056641	51144566
NM_001004176	Maml3	-	51491534	51908928
NM_172862	Frem2	-	53317859	53461277
NM_016984	Trpc4	+	53959978	54122393
NM_001253682	Trpc4	+	53959978	54122393
NM_001253683	Trpc4	+	53959978	54071861
NM_019978	Dclk1	+	55046447	55342990
NM_001144987	Spg20	+	54916087	54941254
NM_001111053	Dclk1	+	55046447	55275239
NM_001195538	Dclk1	+	55046447	55342990
NM_144895	Spg20	+	54916029	54941254
NM_001144988	Spg20	+	54916029	54941254
NM_001195539	Dclk1	+	55265679	55342990
NM_001111052	Dclk1	+	55265679	55342990
NM_001111051	Dclk1	+	55265679	55342990
NM_133784	Wwtr1	-	57259565	57379798
NM_011883	Rnf13	+	57539983	57637154
NM_001168281	Wwtr1	-	57259565	57379832
NM_001113413	Rnf13	+	57539983	57639347
NM_001304456	Rnf13	+	57539983	57630223
NM_001304454	Rnf13	+	57539983	57639347
NM_030685	Serp1	-	58325892	58329806
NM_177855	Med12l	+	58810899	59122334
NM_001253711	Mbnl1	+	60305100	60433672
NM_001253713	Mbnl1	+	60276751	60433672
NM_001253708	Mbnl1	+	60305100	60433672
NM_020007	Mbnl1	+	60305100	60433672
NM_001253710	Mbnl1	+	60305100	60433672
NM_001253709	Mbnl1	+	60305100	60433672
NM_001310514	Mbnl1	+	60305100	60433672
NM_183191	Plch1	-	63500155	63654913
NM_001177733	Plch1	-	63500155	63654913
NM_001289463	Mme	+	63100016	63187635
NM_001289462	Mme	+	63099356	63187635
NM_001177732	Plch1	-	63500155	63654913
NM_008604	Mme	+	63099793	63187635
NM_177585	Iqcj	+	67696141	67860515
NM_138591	Gfm1	+	67234036	67278990
NM_001282045	Schip1	+	68272104	68430404
NM_001282044	Schip1	+	68298102	68430404
NM_013928	Schip1	+	68376289	68430404
NM_009250	Serpini1	+	75361454	75446445
NM_172515	Zbbx	-	74841816	74947694
NM_001310529	Zbbx	-	74841816	74947694
NM_175193	Golim4	-	75680104	75760871
NM_178673	Fstl5	+	75878482	76513927
NM_001253719	Fstl5	+	75879504	76513927
NM_001291069	Golim4	-	75680104	75760871
NM_001099624	Rapgef2	-	78866432	78949797
NM_025794	Etfdh	-	79407709	79432689
NM_001310536	Rapgef2	-	78866432	78948809
NM_023624	Lrat	-	82696503	82707896
NM_021896	Gucy1a3	-	81896348	81949799
NM_001033301	Fhdc1	-	84246117	84284361
NM_030706	Trim2	-	83964360	84024799
NM_001177773	Fbxw7	+	84619498	84783120
NM_001205355	Fhdc1	-	84246117	84283413
NM_001177774	Fbxw7	+	84668066	84783120
NM_001271725	Trim2	-	83964360	84074705
NM_001271726	Trim2	-	83964360	84108697
NM_001271727	Trim2	-	83964360	84063701
NM_027539	Dclk2	-	86590071	86724806
NM_030695	Lrba	+	86028611	86586616
NM_001170985	Kirrel	-	86882513	86978669
NM_001195497	Dclk2	-	86590071	86724806
NM_001195500	Dclk2	-	86602841	86724806
NM_001195498	Dclk2	-	86590071	86724806
NM_001195496	Dclk2	-	86590071	86724806
NM_001195499	Dclk2	-	86590071	86724806
NM_130867	Kirrel	-	86882513	86978669
NM_001077688	Lrba	+	86028611	86580893
NM_001077687	Lrba	+	86028611	86550632
NM_001289601	Pear1	-	87553018	87572875
NM_001289600	Pear1	-	87553018	87572875
NM_033573	Prcc	-	87662824	87689484
NM_028460	Pear1	-	87553018	87572875
NM_001032413	Pear1	-	87553018	87572875
NM_009690	Cd5l	+	87161802	87174996
NM_001113238	Fcrl5	+	87239703	87304600
NM_001032414	Pear1	-	87553018	87572875
NM_152799	Pear1	-	87553018	87572875
NM_133665	Mef2d	+	87946293	87976013
NM_001310593	Mef2d	+	87946293	87976013
NM_001310587	Mef2d	+	87946293	87976013
NM_025928	Pmf1	-	88198059	88214319
NM_022994	Dap3	-	88724724	88754204
NM_138679	Ash1l	+	88769733	88883297
NM_001164533	Dap3	-	88724724	88754204
NM_001310605	Pmf1	-	88198059	88214319
NM_030080	Creb3l4	-	90041419	90047434
NM_080466	Kcnn3	+	89324085	89476416
NM_001038587	Adar	+	89518943	89557377
NM_001307935	Creb3l4	-	90041419	90046472
NM_172530	She	+	89635291	89662768
NM_001307934	Creb3l4	-	90041419	90047065
NM_001310640	Pmvk	+	89258462	89272931
NM_001293782	Chtop	-	90302460	90313420
NM_001293781	Chtop	-	90302460	90313420
NM_001293780	Chtop	-	90302460	90313420
NM_001293779	Chtop	-	90302460	90313420
NM_001293778	Chtop	-	90302460	90313420
NM_023215	Chtop	-	90302460	90313420
NM_001293776	Chtop	-	90302460	90313420
NM_001293777	Chtop	-	90302460	90313420
NM_011470	Sprr2d	+	92143061	92144795
NM_001146107	Gm10696	-	93978333	93982115
NM_001037737	Arnt	+	95238311	95301161
NM_008847	Pip5k1a	-	94862451	94910852
NM_001293707	Pip5k1a	-	94862451	94910852
NM_001163641	Setdb1	-	95127446	95161124
NM_019914	Mllt11	-	95022465	95032599
NM_017395	Rfx5	+	94758936	94765483
NM_001163642	Setdb1	-	95127446	95161124
NM_009709	Arnt	+	95238311	95301161
NM_018877	Setdb1	-	95127446	95161124
NM_001163619	Tars2	-	95547775	95558900
NM_001163618	Tars2	-	95543896	95558900
NM_001163617	Tars2	-	95543896	95558900
NM_013841	Vps45	-	95803754	95862378
NM_001025614	Otud7b	+	95908449	95965052
NM_001025613	Otud7b	+	95908449	95965052
NM_027931	Tars2	-	95543896	95558900
NM_008295	Hsd3b5	-	98422558	98449457
NM_008294	Hsd3b4	-	98303002	98314490
NM_010928	Notch2	+	97817460	97954290
NM_001111336	Hsd3b4	-	98303002	98314395
NM_001270429	Gm10681	-	98302995	98314461
NM_009323	Tbx15	+	99057682	99158183
NM_028892	Spag17	+	99689339	99947245
NM_010763	Man1a2	-	100366126	100489396
NM_010269	Gdap2	+	99966385	100010912
NM_207205	Igsf3	+	101181047	101266983
NM_011516	Sycp1	-	102622421	102740023
NM_177545	Vangl1	-	101959822	102008616
NM_008979	Ptpn22	+	103664199	103716175
NM_018800	Syt6	+	103379204	103434892
NM_001276681	Syt6	+	103380048	103439102
NM_001301306	Hipk1	-	103543737	103595198
NM_001301304	Hipk1	-	103543737	103595486
NM_001276679	Syt6	+	103379204	103434892
NM_053170	Trim33	+	103083215	103162693
NM_001276680	Syt6	+	103380048	103449490
NM_001079830	Trim33	+	103083215	103162693
NM_010432	Hipk1	-	103543737	103595198
NM_001033303	Ampd1	+	102877936	102903643
NM_001276677	Syt6	+	103379204	103434892
NM_001276676	Syt6	+	103379204	103439102
NM_001291859	Rhoc	+	104591951	104597377
NM_001253702	St7l	+	104667423	104732981
NM_001253703	St7l	+	104667423	104732981
NM_001159354	Magi3	-	103817187	104024329
NM_007484	Rhoc	+	104591951	104597377
NM_133853	Magi3	-	103817187	104024329
NM_153091	St7l	+	104667423	104732981
NM_001039347	Kcnd3	+	105255247	105476920
NM_019931	Kcnd3	+	105261733	105472127
NM_001163356	Fam212b	+	105508375	105523760
NM_175398	Fam212b	+	105507516	105523760
NM_028110	Dennd2d	+	106288957	106305948
NM_001093754	Dennd2d	+	106285348	106305948
NM_001278941	Dennd2d	+	106285367	106305948
NM_026774	Lamtor5	+	107081775	107086999
NM_145542	Ahcyl1	-	107466037	107499466
NM_001163567	Fam102b	-	108773914	108830525
NM_019972	Sort1	+	108086981	108164437
NM_001271599	Sort1	+	108086981	108164437
NM_001165965	Fndc7	-	108656595	108692926
NM_177091	Fndc7	-	108656595	108692926
NM_181400	Wdr47	+	108394195	108448637
NM_146139	Vav3	+	109376924	109488612
NM_020505	Vav3	+	109143600	109488612
NM_030699	Ntng1	-	109582967	109946390
NM_133488	Ntng1	-	109582967	109946390
NM_001163351	Ntng1	-	109654674	109946390
NM_001163350	Ntng1	-	109582967	109946390
NM_001163349	Ntng1	-	109582967	109946390
NM_001163348	Ntng1	-	109582967	109946390
NM_007729	Col11a1	+	113733457	113923674
NM_153458	Olfm3	+	114606995	114828682
NM_001286750	Olfm3	+	114607552	114828682
NM_153157	Olfm3	+	114783882	114828682
NM_001080818	Cdc14a	-	115975470	116126950
NM_001173553	Cdc14a	-	115975470	116126950
NM_177664	Plppr4	-	117022062	117063794
NM_023245	Palmd	-	116621179	116671870
NM_001305451	Plppr5	+	117278144	117392426
NM_029425	Plppr5	+	117278144	117392426
NM_001190156	Snx7	-	117484414	117571854
NM_029655	Snx7	-	117484414	117571854
NM_008991	Abcd3	-	121461827	121518133
NM_007378	Abca4	+	121747377	121882979
NM_013867	Bcar3	+	122122697	122233100
NM_001114665	Fnbp1l	-	122241636	122322632
NM_153118	Fnbp1l	-	122241636	122322632
NM_153422	Pde5a	+	122432075	122562292
NM_008939	Prss12	+	123149830	123209520
NM_031186	Ndst3	-	123229083	123375395
NM_201638	Mettl14	-	123071212	123088908
NM_080451	Synpo2	-	122779436	122939067
NM_022565	Ndst4	+	125107008	125427904
NM_001293665	Camk2d	+	126299868	126549244
NM_001025439	Camk2d	+	126299868	126549244
NM_001025438	Camk2d	+	126299868	126549244
NM_173451	Arsj	+	126066769	126143292
NM_001293663	Camk2d	+	126299868	126549244
NM_023813	Camk2d	+	126299868	126549244
NM_001293666	Camk2d	+	126299868	126521716
NM_001293664	Camk2d	+	126299868	126549244
NM_197997	Zgrf1	+	127256406	127320941
NM_145964	Ap1ar	-	127510182	127540410
NM_027808	Alpk1	-	127373227	127483445
NM_001287224	Lrit3	-	129491208	129506948
NM_025779	Ccdc109b	-	129617877	129673124
NM_001293644	Ccdc109b	-	129617877	129673124
NM_008212	Hadh	-	130936337	130975019
NM_001163455	Tbck	+	132347107	132504652
NM_146141	Ppa2	+	132973073	133041199
NM_001293641	Ppa2	+	132973073	133041199
NM_178877	Slc9b2	+	134970663	135005731
NM_001033350	Bank1	-	135716327	135989030
NM_001135150	Slc39a8	+	135488753	135551536
NM_001135149	Slc39a8	+	135488620	135551536
NM_026228	Slc39a8	+	135488242	135551536
NM_001310749	Bank1	-	135716327	135989030
NM_008913	Ppp3ca	+	136333029	136600691
NM_001293622	Ppp3ca	+	136333029	136600691
NM_009626	Adh7	+	137880736	137895006
NM_001163457	Mttp	-	137752818	137806352
NM_001310753	Dapp1	-	137593970	137644513
NM_008642	Mttp	-	137752818	137794341
NM_011932	Dapp1	-	137593970	137644513
NM_001286759	Rap1gds1	-	138588860	138738165
NM_001040690	Rap1gds1	-	138588860	138738165
NM_145544	Rap1gds1	-	138588860	138738165
NM_001293561	Unc5c	+	141128527	141497888
NM_009472	Unc5c	+	141128527	141497888
NM_178654	Pkn2	-	142453865	142544968
NM_001190855	Pdlim5	-	141902548	142058660
NM_001190852	Pdlim5	-	141902548	142058660
NM_001190856	Pdlim5	-	141902548	142058660
NM_001190854	Pdlim5	-	141902548	142058660
NM_019808	Pdlim5	-	141902548	142058660
NM_011828	Hs2st1	-	144094070	144233180
NM_027770	Col24a1	+	144955435	145214969
NM_026993	Ddah1	+	145421655	145557241
NM_001164198	Prkacb	-	146392542	146433202
NM_001164199	Prkacb	-	146392542	146433657
NM_011100	Prkacb	-	146392542	146475910
NM_019957	Dnase2b	-	146244336	146278562
NM_001164200	Prkacb	-	146392542	146444380
NM_001302957	Ttll7	+	146515330	146646972
NM_027617	Spata1	-	146120166	146162717
NM_001302958	Ttll7	+	146515330	146603220
NM_001316756	Spata1	-	146120166	146162717
NM_199465	Nexn	-	151899947	151929284
NM_133222	Adgrl4	+	151100845	151208045
NM_178016	Pigk	+	152377063	152451977
NM_025662	Pigk	+	152377063	152451977
NM_028938	Lrriq3	+	154756397	154857242
NM_009968	Cryz	+	154259674	154286146
NM_177066	Tnni3k	-	154449254	154718371
NM_001291453	Lrrc7	-	157745858	158225185
NM_001291452	Lrrc7	-	157745858	158225185
NM_001093752	Srsf11	-	157673456	157699603
NM_001093753	Srsf11	-	157673456	157694718
NM_001081358	Lrrc7	-	157745858	158225185
NM_026582	Wls	+	159502658	159598139
NM_001163301	Pex2	-	5560187	5576248
NM_001163306	Pex2	-	5560187	5576248
NM_001163305	Pex2	-	5560187	5576248
NM_008994	Pex2	-	5560187	5576248
NM_001163302	Pex2	-	5560187	5576248
NM_001267715	Pex2	-	5560187	5576248
NM_001267714	Pex2	-	5560187	5576248
NM_027048	1700008P02Rik	-	6615412	6620443
NM_008862	Pkia	+	7366603	7445365
NM_173181	Zc2hc1a	+	7503425	7553848
NM_010423	Hey1	-	8663358	8667038
NM_009412	Tpd52	-	8929435	9004515
NM_001025262	Tpd52	-	8929435	8964054
NM_001025261	Tpd52	-	8929435	8964054
NM_001025264	Tpd52	-	8929435	9004515
NM_001025263	Tpd52	-	8929435	9004515
NM_177660	Zbtb10	+	9250566	9285332
NM_010634	Fabp5	+	10012584	10016610
NM_001272097	Fabp5	+	10012584	10016610
NM_001272098	Fabp5	+	10012584	10016610
NM_011598	Fabp9	-	10193623	10197283
NM_024406	Fabp4	-	10204342	10208576
NM_001010834	Slc10a5	-	10331733	10335656
NM_018864	Impa1	-	10311955	10331439
NM_001310433	Impa1	-	10311955	10331439
NM_029068	Snx16	-	10417816	10440130
NM_001127191	Snx16	-	10417816	10440130
NM_001099674	1810022K09Rik	-	14606288	14611256
NM_024495	Car13	+	14641726	14663002
NM_009799	Car1	-	14766213	14808365
NM_001083957	Car1	-	14766213	14778460
NM_009801	Car2	+	14886425	14900770
NM_001173460	Sirpb1b	-	15495753	15575065
NM_001145919	Ythdf3	+	16083182	16117038
NM_172677	Ythdf3	+	16083182	16117038
NM_026182	Mtfr1	+	19088220	19120817
NM_001253391	Mtfr1	+	19087328	19120817
NM_001253390	Mtfr1	+	19087328	19120817
NM_001163537	Dnajc5b	+	19431246	19510862
NM_001163536	Dnajc5b	+	19408594	19510862
NM_025489	Dnajc5b	+	19408594	19510862
NM_205769	Crh	-	19593400	19595396
NM_007752	Cp	+	19857053	19892998
NM_001276250	Cp	+	19857053	19909750
NM_001276248	Cp	+	19857053	19907609
NM_009210	Hltf	+	19957810	20018377
NM_007753	Cpa3	-	20115514	20142080
NM_029706	Cpb1	-	20149382	20174651
NM_175086	Agtr1b	-	20213394	20266099
NM_009425	Tnfsf10	+	27215998	27238587
NM_031197	Slc2a2	+	28596824	28627282
NM_001289621	Mynn	+	30501008	30518795
NM_030557	Mynn	+	30501008	30518795
NM_001289623	Mynn	+	30501008	30518795
NM_001289622	Mynn	+	30501008	30518795
NM_001290510	Lrriq4	+	30546807	30571353
NM_029489	Samd7	+	30645214	30666096
NM_026668	Lrriq4	+	30543428	30571353
NM_001309233	Lrrc31	-	30577475	30598765
NM_027965	Gpr160	+	30754871	30796116
NM_001286996	Gpr160	+	30754871	30796116
NM_001286995	Gpr160	+	30754871	30796116
NM_027016	Sec62	+	30691797	30720185
NM_001134386	Gpr160	+	30754871	30796116
NM_001134385	Gpr160	+	30754871	30796116
NM_001286994	Gpr160	+	30754871	30796116
NM_011386	Skil	+	30993979	31021845
NM_001039090	Skil	+	30993979	31021845
NM_008770	Cldn11	+	31048841	31063248
NM_001271772	Skil	+	30993979	31021845
NM_008839	Pik3ca	+	32335072	32367408
NM_144519	Zfp639	+	32409513	32419755
NM_001161818	Zfp639	+	32409471	32419755
NM_024200	Mfn1	+	32428403	32478147
NM_019673	Actl6a	+	32607467	32625893
NM_029017	Mrpl47	-	32626418	32635677
NM_001163517	Pex5l	-	32846847	32884001
NM_001290502	Ttc14	+	33699104	33713782
NM_027619	Ttc14	+	33699104	33713782
NM_025978	Ttc14	+	33699104	33713782
NM_026222	Ccdc39	-	33711282	33743232
NM_001290500	Ttc14	+	33699104	33713782
NM_001026211	Dnajc19	-	33956201	33980276
NM_001286973	Dnajc19	-	33976206	33980276
NM_001286972	Dnajc19	-	33976272	33980276
NM_026332	Dnajc19	-	33976206	33980276
NM_011443	Sox2	+	34548916	34551382
NM_029570	Atp11b	+	35653059	35755198
NM_033623	Dcun1d1	-	35791026	35828996
NM_001205362	Dcun1d1	-	35791026	35831256
NM_001205361	Dcun1d1	-	35791026	35831888
NM_023644	Mccc1	-	35858230	35899600
NM_172678	Acad9	+	35964921	35991779
NM_001101478	D3Ertd254e	+	36050001	36069263
NM_028183	1810062G17Rik	+	36374858	36381221
NM_009673	Anxa5	-	36347845	36374809
NM_009828	Ccna2	-	36463786	36470918
NM_027810	Bbs7	-	36472064	36512311
NM_019393	Exosc9	+	36451527	36464649
NM_009350	Adad1	+	36962577	37010434
NM_008366	Il2	-	37019641	37024876
NM_021782	Il21	-	37121680	37131558
NM_001255992	Bbs12	+	37211475	37220372
NM_001291041	Il21	-	37121680	37131558
NM_001008502	Bbs12	+	37211475	37220373
NM_001291044	Nudt6	-	37303903	37318518
NM_008006	Fgf2	+	37247574	37303752
NM_153561	Nudt6	-	37303903	37318518
NM_011896	Spry1	+	37538868	37543521
NM_001305442	Spry1	+	37538868	37543521
NM_001305441	Spry1	+	37538868	37543521
NM_001305440	Spry1	+	37538868	37543521
NM_001167883	Ankrd50	-	38348182	38383738
NM_173169	Plk4	+	40603872	40620805
NM_178386	Slc25a31	+	40512792	40530016
NM_011495	Plk4	+	40603872	40620805
NM_027558	Pgrmc2	-	40870247	40886968
NM_001098172	Pcdh10	+	45182319	45203520
NM_011043	Pcdh10	+	45182319	45186957
NM_001101479	Pabpc4l	-	46246118	46251863
NM_130448	Pcdh18	-	49547217	49561238
NM_009834	Noct	+	51028368	51055576
NM_001291063	Elf2	-	51056641	51081436
NM_001291062	Elf2	-	51056641	51081436
NM_026358	Mgarp	-	51192334	51200469
NM_016858	Rab33b	+	51287887	51300134
NM_174995	Mgst2	+	51465100	51486596
NM_001310482	Mgst2	+	51465100	51486596
NM_019739	Foxo1	+	52072258	52154031
NM_026225	Cog6	-	52786044	52821145
NM_173382	Proser1	+	53267738	53285677
NM_026435	Ufm1	-	53657297	53667729
NM_001198766	Postn	+	54165028	54194963
NM_001198765	Postn	+	54165028	54194963
NM_015784	Postn	+	54165028	54194963
NM_001313899	Postn	+	54165028	54194963
NM_001313898	Postn	+	54165028	54194963
NM_133231	Rfxap	-	54607036	54611713
NM_027148	Exosc8	-	54532600	54539286
NM_001163570	Exosc8	-	54532600	54539286
NM_019483	Smad9	+	54559503	54605191
NM_177854	Sertm1	-	54700990	54719809
NM_007628	Ccna1	-	54849390	54858977
NM_001305221	Ccna1	-	54849390	54858977
NM_028937	Sohlh2	+	54985965	55013879
NM_177203	Ccdc169	+	54943959	54976858
NM_001290138	Ccdc169	+	54941260	54976858
NM_001290141	Ccdc169	+	54943959	54976858
NM_001195540	Dclk1	+	55265679	55275239
NM_010750	Mab21l1	+	55586431	55589209
NM_008536	Tm4sf1	-	57090985	57105841
NM_145539	Tm4sf4	+	57229331	57245597
NM_019410	Pfn2	-	57645816	57651679
NM_001005509	Eif2a	+	58329742	58361423
NM_001040396	Selt	+	58380579	58397466
NM_153386	Clrn1	-	58647949	58689134
NM_153385	Clrn1	-	58647949	58689134
NM_153384	Clrn1	-	58647949	58689134
NM_133200	P2ry14	-	58918544	58934684
NM_001008497	P2ry14	-	58918544	58934684
NM_001287124	P2ry14	-	58918544	58934684
NM_001287123	P2ry14	-	58918544	58935250
NM_001287122	P2ry14	-	58918544	58935040
NM_001287121	P2ry14	-	58918544	58935250
NM_001287119	P2ry14	-	58918544	58957414
NM_173398	Gpr171	-	58900369	58905743
NM_001287120	P2ry14	-	58918544	58936384
NM_001302203	Gpr87	-	58982835	58999026
NM_028808	P2ry13	-	59011813	59014804
NM_027571	P2ry12	-	59020192	59066753
NM_023383	Aadac	+	59835709	59844079
NM_032400	Sucnr1	+	59885790	59891488
NM_008772	P2ry1	+	60806706	60812904
NM_001282016	P2ry1	+	60806706	60812904
NM_028712	Rap2b	+	61168428	61172625
NM_028136	Dhx36	-	62272563	62310910
NM_015728	Slc33a1	-	63746245	63768655
NM_001033300	Gmps	+	63780064	63823000
NM_001272035	Slc33a1	-	63746245	63768655
NM_019918	Vmn2r1	+	63885563	63909380
NM_001037923	Lekr1	+	65470149	65490103
NM_019937	Ccnl1	-	65750072	65762147
NM_008987	Ptx3	+	66023808	66029728
NM_001302359	Shox2	-	66777184	66785063
NM_001302358	Shox2	-	66775644	66782733
NM_013665	Shox2	-	66777190	66785693
NM_001302357	Shox2	-	66775644	66785693
NM_010801	Mlf1	+	67178018	67203922
NM_001039543	Mlf1	+	67178018	67203922
NM_001164763	Rarres1	-	67282807	67319445
NM_008351	Il12a	+	68495345	68502472
NM_001159424	Il12a	+	68494565	68502472
NM_001167996	1110032F04Rik	+	68673507	68676085
NM_026641	Ift80	-	68696420	68808492
NM_025863	Trim59	-	68839215	68848664
NM_027843	Arl14	+	69026340	69027540
NM_020026	B3galnt1	-	69377840	69402882
NM_001286959	Sptssb	-	69623460	69663816
NM_001164210	Sptssb	-	69623460	69663816
NM_133675	Sptssb	-	69623460	69663816
NM_001018031	Otol1	+	69811534	69832630
NM_009738	Bche	-	73439730	73512337
NM_026460	Serpini2	-	75046278	75074000
NM_019745	Pdcd10	-	75320411	75360774
NM_029482	4930579G24Rik	+	79433000	79436741
NM_001039195	Gria2	-	80495413	80606713
NM_013540	Gria2	-	80488857	80606713
NM_001083806	Gria2	-	80488857	80606713
NM_010298	Glrb	-	80647520	80717582
NM_001281969	Glrb	-	80647520	80717536
NM_001161796	Gucy1b3	-	81835925	81878633
NM_017469	Gucy1b3	-	81835925	81878633
NM_001205099	Npy2r	-	82342304	82352007
NM_008731	Npy2r	-	82342304	82352007
NM_001277170	Rbm46	-	82640444	82680405
NM_001317105	Fgg	+	82811645	82818639
NM_133862	Fgg	+	82811645	82818978
NM_181849	Fgb	-	82846167	82853785
NM_009144	Sfrp2	+	83570242	83578236
NM_011905	Tlr2	-	83640193	83645530
NM_029797	Mnd1	-	83891855	83959708
NM_001271728	Trim2	-	83964360	84016760
NM_207278	Tigd4	+	84397495	84400954
NM_001081093	Arfip1	-	84300014	84386547
NM_001293801	Arfip1	-	84300014	84386547
NM_080428	Fbxw7	+	84756132	84783120
NM_001040461	Dear1	-	84768977	84769502
NM_172682	Fam160a1	-	85463984	85550131
NM_177130	Glt28d2	-	85673767	85691440
NM_016959	Rps3a1	-	85941861	85946590
NM_001082414	Sh3d19	+	85888355	85934443
NM_007639	Cd1d1	-	86799757	86803262
NM_007640	Cd1d2	+	86790507	86793454
NM_001289449	Cd1d2	+	86790507	86793454
NM_183222	Fcrl5	+	87239703	87271446
NM_001136236	Fcrl1	+	87180308	87196055
NM_178165	Fcrl1	+	87180308	87196055
NM_153090	Fcrl1	+	87180308	87196055
NM_001310545	Fcrl1	+	87180308	87206856
NM_001083318	Etv3	+	87329499	87344080
NM_001286844	Etv3	+	87329499	87344080
NM_012051	Etv3	+	87329499	87344080
NM_028971	Lrrc71	-	87540844	87552545
NM_021309	Sh2d2a	+	87650676	87659644
NM_001033124	Ntrk1	-	87582165	87599084
NM_001025571	Sh2d2a	+	87650676	87659644
NM_011832	Insrr	+	87600872	87620023
NM_008231	Hdgf	+	87710242	87720054
NM_001109758	Bcan	-	87796435	87804278
NM_007529	Bcan	-	87791452	87804278
NM_153562	Rrnad1	-	87726522	87734117
NM_016701	Nes	+	87775014	87784373
NM_022031	Hapln2	-	87825671	87831433
NM_025663	Gpatch4	+	87847027	87859916
NM_001033484	Iqgap3	+	87885972	87924970
NM_001110809	Gpatch4	+	87847027	87859916
NM_001286857	Gpatch4	+	87847027	87859916
NM_007541	Bglap	-	88187416	88188388
NM_178246	Smg5	+	88140181	88166259
NM_001032298	Bglap2	-	88181657	88182623
NM_001305448	Bglap3	-	88172537	88176663
NM_031368	Bglap3	-	88172537	88173753
NM_001305449	Bglap3	-	88172537	88176663
NM_001305450	Bglap3	-	88172537	88175401
NM_198410	Paqr6	+	88168510	88172463
NM_001310597	Paqr6	+	88168510	88172463
NM_019390	Lmna	-	88287126	88297234
NM_001002011	Lmna	-	88285069	88307274
NM_013658	Sema4a	-	88239883	88259683
NM_001163490	Sema4a	-	88239883	88263023
NM_001145877	Slc25a44	-	88214415	88229063
NM_001145876	Slc25a44	-	88214415	88229063
NM_001111102	Lmna	-	88287126	88307274
NM_001163489	Sema4a	-	88239883	88265104
NM_001163491	Sema4a	-	88239883	88262806
NM_001281795	Slc25a44	-	88214415	88229056
NM_178696	Slc25a44	-	88214415	88229063
NM_001198913	Arhgef2	+	88425315	88451974
NM_001198912	Arhgef2	+	88425315	88451974
NM_001198911	Arhgef2	+	88420128	88451974
NM_008487	Arhgef2	+	88425027	88451974
NM_001163310	Rit1	+	88520775	88534970
NM_018804	Syt11	-	88548622	88576521
NM_028814	2810403A07Rik	+	88489715	88516855
NM_009069	Rit1	+	88520775	88534970
NM_027389	Gon4l	+	88639152	88714021
NM_144898	Msto1	-	88713537	88717872
NM_001242372	Gon4l	+	88639152	88714021
NM_028188	Rusc1	-	88887900	88897285
NM_001083807	Rusc1	-	88887900	88897285
NM_001083808	Rusc1	-	88887900	88893953
NM_011886	Scamp3	+	88981312	88986692
NM_001310016	Clk2-scamp3	+	88968716	88986692
NM_007712	Clk2	+	88968716	88981009
NM_001309910	Scamp3	+	88981312	88986692
NM_001253751	Fdps	-	88897509	88905889
NM_001310017	Clk2-scamp3	+	88968716	88986692
NM_001309909	Scamp3	+	88981312	88986692
NM_001099779	Pklr	+	88940544	88950516
NM_001163432	Clk2	+	88968716	88981009
NM_013631	Pklr	+	88940063	88950516
NM_134469	Fdps	-	88897509	88905889
NM_008094	Gba	+	89006846	89012888
NM_001162425	Efna1	-	89075651	89084873
NM_001039466	Trim46	-	89038098	89049121
NM_013604	Mtx1	-	89013002	89018257
NM_026767	Dpm3	+	89070382	89071001
NM_025327	Krtcap2	+	89050359	89053651
NM_013691	Thbs3	+	89019108	89030759
NM_009057	Slc50a1	-	89072167	89074492
NM_001161824	Mtx1	-	89013002	89018257
NM_001077411	Gba	+	89006846	89012888
NM_010107	Efna1	-	89075651	89083567
NM_013605	Muc1	+	89032977	89037303
NM_183037	Trim46	-	89038098	89049819
NM_001310625	Krtcap2	+	89050394	89053651
NM_001113331	Shc1	+	89225542	89233951
NM_029974	Dcst1	-	89154140	89169175
NM_146131	Pbxip1	+	89240625	89254874
NM_001037722	Adam15	-	89143561	89153932
NM_009614	Adam15	-	89143561	89153932
NM_026869	Pygo2	+	89234758	89239052
NM_007910	Efna4	-	89137314	89141950
NM_020517	Lenep	-	89205817	89206572
NM_011368	Shc1	+	89222472	89233951
NM_001293768	Pygo2	+	89234135	89239052
NM_001293767	Pygo2	+	89234661	89239052
NM_001293766	Pygo2	+	89234941	89239052
NM_001293763	Pygo2	+	89234135	89239052
NM_027348	Pmvk	+	89263492	89272931
NM_026784	Pmvk	+	89263039	89272931
NM_009602	Chrnb2	-	89557369	89568554
NM_019655	Adar	+	89534639	89557377
NM_027315	Ube2q1	+	89577530	89587919
NM_001146296	Adar	+	89534639	89557377
NM_001081182	Atp8b2	-	89743402	89767254
NM_001310676	Il6ra	-	89673245	89717118
NM_010559	Il6ra	-	89673245	89717118
NM_011826	Hax1	-	89799367	89802638
NM_001287086	4933434E20Rik	+	89856723	89867263
NM_001165987	Ubap2l	-	89809915	89856397
NM_025762	4933434E20Rik	+	89856723	89867263
NM_001253740	Tpm3	+	89883442	89904824
NM_001165986	Ubap2l	-	89809915	89856437
NM_022314	Tpm3	+	89876572	89904824
NM_027500	4933434E20Rik	+	89856723	89862789
NM_001287087	4933434E20Rik	+	89855557	89867263
NM_001253738	Tpm3	+	89883442	89904824
NM_001165985	Ubap2l	-	89809915	89856397
NM_028475	Ubap2l	-	89803510	89856397
NM_001165984	Ubap2l	-	89804209	89856437
NM_001165983	Ubap2l	-	89804209	89856397
NM_001165988	Ubap2l	-	89809915	89856437
NM_001271764	Tpm3	+	89883442	89904824
NM_028567	1700094D03Rik	+	89866717	89872269
NM_001293749	Tpm3	+	89883442	89902705
NM_153489	Ubap2l	-	89803510	89856397
NM_001293748	Tpm3	+	89876572	89896052
NM_001282032	Hax1	-	89799367	89802638
NM_001310681	Hax1	-	89799367	89802025
NM_027015	Rps27	-	90016588	90017570
NM_001190258	Rps27rt	-	90016588	90017569
NM_026677	Rab13	+	90024705	90030309
NM_206924	Jtb	+	90035518	90039762
NM_001293741	Rab13	+	90017636	90030309
NM_201407	Dennd4b	+	90070435	90084587
NM_028881	Crtc2	+	90058202	90068047
NM_013901	Slc39a1	+	90052113	90057534
NM_178876	Ints3	-	90195301	90237558
NM_008727	Npr1	-	90254513	90269788
NM_145540	Ints3	-	90195301	90237558
NM_133854	Snapin	-	90291947	90294935
NM_001316688	Slc27a3	-	90189154	90193860
NM_011988	Slc27a3	-	90189154	90193860
NM_025393	S100a14	+	90330770	90332757
NM_001163526	S100a14	+	90330770	90332757
NM_001163525	S100a14	+	90330770	90332757
NM_011313	S100a6	+	90416815	90418336
NM_011312	S100a5	+	90412443	90415702
NM_011311	S100a4	+	90407691	90409967
NM_011309	S100a1	-	90314955	90318252
NM_026416	S100a16	+	90345144	90347073
NM_009113	S100a13	+	90318356	90328503
NM_001165968	Pglyrp4	+	90530827	90545439
NM_001281852	S100a9	-	90496551	90499643
NM_013650	S100a8	+	90472992	90473956
NM_009114	S100a9	-	90496551	90499643
NM_207263	Pglyrp4	+	90530827	90545439
NM_001101461	9130204L05Rik	-	90892058	90894727
NM_207247	Pglyrp3	+	91818504	91835506
NM_008508	Lor	-	91884192	91887064
NM_027042	Lelp1	-	91938915	91946676
NM_175424	Prr9	-	91926125	91927869
NM_011469	Sprr2b	+	92120626	92122007
NM_011468	Sprr2a1	+	92019756	92026413
NM_011468	Sprr2a1	+	92054568	92061226
NM_001164787	Sprr2a2	+	92019756	92026413
NM_001164787	Sprr2a2	+	92054568	92061226
NM_001309382	Sprr2a3	+	92089225	92093186
NM_011478	Sprr3	-	92260423	92262642
NM_011477	Sprr2k	+	92236503	92237849
NM_011475	Sprr2i	+	92211912	92213193
NM_001204427	Sprr3	-	92260423	92262642
NM_008412	Ivl	-	92374821	92377657
NM_008574	Smcp	-	92387787	92392946
NM_026811	Lce1e	-	92511321	92512996
NM_001166172	Lce6a	-	92424006	92425582
NM_028625	Lce1a2	-	92472534	92474237
NM_025984	Lce1a1	-	92450453	92452229
NM_026394	Lce1f	-	92522617	92524272
NM_001254760	Lce1k	-	92610212	92611813
NM_028629	Kprp	-	92626995	92631169
NM_025413	Lce1g	-	92554072	92556260
NM_001281499	Lce1j	-	92592765	92594436
NM_025621	2310050C09Rik	-	92672280	92674127
NM_001254725	Lce3e	+	92770982	92772203
NM_033175	Lce3c	+	92748407	92749652
NM_001270426	Lce3d	+	92761311	92762496
NM_028798	Crct1	-	92818126	92819608
NM_001034860	Gm4858	+	92872744	92879427
NM_001177694	Gm4858	+	92877442	92879427
NM_025420	Lce1m	-	92821728	92822982
NM_133698	Hrnr	+	93123670	93137494
NM_027762	Tchhl1	+	93272675	93275902
NM_001163098	Tchh	+	93246251	93252999
NM_009100	Rptn	+	93197620	93203364
NM_009112	S100a10	+	93359038	93368567
NM_016740	S100a11	+	93324417	93330210
NM_148949	Tdpoz1	-	93473254	93480205
NM_001007222	Tdpoz2	-	93455463	93456608
NM_207271	Tdpoz3	+	93629941	93631039
NM_001163731	Gm10697	-	93764213	93765236
NM_207273	Tdpoz5	-	93764213	93765236
NM_001163730	Gm9125	-	93740554	93747465
NM_207273	Tdpoz5	-	93875543	93876566
NM_001163730	Gm9125	-	93851902	93858807
NM_001163731	Gm10697	-	93875543	93876566
NM_016901	Oaz3	-	94237309	94240573
NM_011281	Rorc	+	94176715	94202196
NM_025416	Them5	+	94146020	94151274
NM_001293734	Rorc	+	94181353	94202196
NM_001289620	Celf3	+	94282216	94296120
NM_001289616	Celf3	+	94282216	94296120
NM_001289613	Celf3	+	94282470	94296120
NM_172434	Celf3	+	94282470	94296120
NM_011656	Tuft1	-	94416674	94462794
NM_001293728	Tuft1	-	94416674	94462794
NM_001037711	Cgn	-	94563991	94590437
NM_001293727	Cgn	-	94563990	94590437
NM_001165948	Pogz	+	94641488	94687489
NM_008945	Psmb4	-	94688245	94690880
NM_172683	Pogz	+	94641488	94687489
NM_008951	Psmd4	-	94836612	94846536
NM_175356	Pi4kb	+	94778652	94810859
NM_001293716	Pi4kb	+	94778652	94810859
NM_001293715	Pi4kb	+	94778652	94810859
NM_001282017	Psmd4	-	94836612	94846536
NM_027013	Scnm1	-	94933640	94937934
NM_029885	Gabpb2	-	94985689	95021864
NM_011351	Sema6c	+	94968260	94977972
NM_016712	Tmod4	+	94928435	94933130
NM_172512	Gabpb2	-	94985689	95021864
NM_153121	Lysmd1	+	94938009	94943447
NM_009336	Vps72	+	94914963	94926973
NM_001163573	Scnm1	-	94933640	94937934
NM_001272024	Sema6c	+	94964341	94977972
NM_023628	Anxa9	-	95100015	95111098
NM_001085383	Anxa9	-	95100015	95110726
NM_001168356	Bnipl	-	95045214	95055115
NM_172395	Cdc42se1	+	95032345	95040346
NM_199475	Fam63a	+	95086856	95100086
NM_001038708	Cdc42se1	+	95032864	95040346
NM_134253	Bnipl	-	95045214	95055115
NM_133858	Fam63a	+	95086856	95100086
NM_001289537	Hormad1	+	95363598	95389720
NM_001289534	Hormad1	+	95363598	95391782
NM_001289532	Hormad1	+	95363598	95391782
NM_021281	Ctss	+	95330707	95360327
NM_026489	Hormad1	+	95363598	95391782
NM_007802	Ctsk	+	95303131	95313309
NM_001267695	Ctss	+	95330707	95360327
NM_144899	Adamtsl4	-	95480124	95491840
NM_001301705	Adamtsl4	-	95480124	95491840
NM_019561	Ensa	+	95428901	95436039
NM_008562	Mcl1	+	95462642	95467101
NM_001026212	Ensa	+	95428901	95434415
NM_001252653	Ecm1	-	95538070	95543492
NM_007899	Ecm1	-	95538070	95543492
NM_027541	Prpf3	-	95634544	95659676
NM_001316751	Prpf3	-	95634544	95659805
NM_146104	Aph1a	+	95697843	95702515
NM_023210	Anp32e	+	95733179	95751310
NM_001253758	Anp32e	+	95733179	95751310
NM_001253757	Anp32e	+	95733179	95751310
NM_146134	Aph1a	+	95697843	95702515
NM_178215	Hist2h3b	+	96072576	96073078
NM_178216	Hist2h3c1	+	96050607	96051271
NM_178216	Hist2h3c1	-	96042401	96043065
NM_178213	Hist2h2ab	+	96023838	96024276
NM_178212	Hist2h2aa2	-	96043701	96044297
NM_178212	Hist2h2aa2	+	96049379	96049975
NM_153053	Sf3b4	+	95976428	95981487
NM_181409	Mtmr11	+	95965892	95975641
NM_054045	Hist2h3c2	+	96050622	96051271
NM_175666	Hist2h2bb	+	96073622	96074115
NM_054045	Hist2h3c2	-	96042401	96043050
NM_178214	Hist2h2be	+	96024994	96027661
NM_013549	Hist2h2aa1	-	96043701	96044257
NM_013549	Hist2h2aa1	+	96049419	96049975
NM_033596	Hist2h4	-	96066856	96067240
NM_175662	Hist2h2ac	-	96024335	96024803
NM_027126	Hfe2	+	96329107	96333139
NM_001256180	BC107364	-	96237710	96256229
NM_001256181	BC107364	-	96237710	96256229
NM_001102407	Rbm8a	+	96433850	96437714
NM_001163170	Lix1l	+	96405055	96429275
NM_027241	Polr3gl	-	96381794	96398104
NM_025875	Rbm8a	+	96433850	96437714
NM_001162387	Pex11b	+	96439352	96449304
NM_001162388	Pex11b	+	96439769	96447938
NM_011069	Pex11b	+	96439352	96449304
NM_001302471	Itga10	+	96449506	96468442
NM_001024851	Ankrd34a	+	96400558	96403701
NM_001009935	Txnip	+	96361879	96365780
NM_023719	Txnip	+	96361879	96365780
NM_001293701	Polr3gl	-	96381794	96398104
NM_030094	Nudt17	-	96509814	96512483
NM_001162925	Nudt17	-	96509814	96512483
NM_026406	Rnf115	+	96531533	96595078
NM_001165949	Pias3	+	96500998	96509993
NM_146135	Pias3	+	96500297	96509993
NM_018812	Pias3	+	96500998	96509993
NM_001163496	Cd160	-	96602685	96633274
NM_001163497	Cd160	-	96602685	96633274
NM_008123	Gja8	-	96717488	96729974
NM_018767	Cd160	-	96602685	96618444
NM_001146001	Pdzk1	+	96636596	96674849
NM_021517	Pdzk1	+	96633987	96674849
NM_001271628	Gja5	+	96836324	96857557
NM_008121	Gja5	+	96836324	96857557
NM_019800	Acp6	+	96962699	96980499
NM_029933	Bcl9	-	97007584	97031287
NM_001161765	Fmo5	+	97432760	97459210
NM_001161763	Fmo5	+	97432726	97459210
NM_010232	Fmo5	+	97432760	97459210
NM_178080	Pde4dip	-	97542766	97571937
NM_027665	Adam30	+	97964556	97968092
NM_026328	Reg4	+	98026078	98040671
NM_008256	Hmgcs2	+	98084353	98114661
NM_016966	Phgdh	-	98117093	98143892
NM_172863	Zfp697	+	98186403	98235872
NM_008294	Hsd3b4	-	98356473	98367961
NM_001111336	Hsd3b4	-	98356473	98367866
NM_001270429	Gm10681	-	98356465	98367932
NM_153193	Hsd3b2	-	98515029	98528466
NM_019545	Hao2	-	98678441	98697153
NM_013821	Hsd3b6	-	98609426	98618366
NM_008293	Hsd3b1	-	98656116	98663717
NM_001304800	Hsd3b1	-	98656116	98663717
NM_175552	Wdr3	-	99942102	99966326
NM_001142952	Fam46c	-	100275458	100293115
NM_194343	Trim45	+	100726415	100737934
NM_001013026	Ttf2	-	100742782	100773586
NM_001165953	Trim45	+	100726415	100737934
NM_001165952	Trim45	+	100726415	100740848
NM_001167906	Cd101	-	100797451	100833418
NM_011197	Ptgfrn	-	100844158	100914089
NM_144900	Atp1a1	-	101380141	101408630
NM_172295	Mab21l3	-	101616998	101640146
NM_178777	Nhlh2	+	101814067	101819415
NM_009814	Casq2	+	101890377	101950435
NM_001112698	Ngf	+	102273841	102324936
NM_013609	Ngf	+	102273841	102324936
NM_027533	Tspan2	+	102538692	102576233
NM_001165940	Tshb	-	102581320	102586637
NM_001165939	Tshb	-	102581320	102586637
NM_001243132	Tspan2	+	102539137	102576233
NM_009432	Tshb	-	102581320	102586637
NM_010937	Nras	+	102862207	102871837
NM_001161854	Csde1	+	102824468	102862109
NM_144901	Csde1	+	102824468	102862109
NM_001310693	Csde1	+	102824468	102862109
NM_026602	Bcas2	+	102975633	102983077
NM_177857	Dennd2c	+	102931478	102973656
NM_133859	Olfml3	-	103539316	103541924
NM_001142960	Bcl2l15	+	103636618	103658541
NM_001142959	Bcl2l15	+	103636618	103642571
NM_026193	Ap4b1	+	103613439	103625948
NM_001163552	Ap4b1	+	103613439	103625948
NM_001163553	Ap4b1	+	103613439	103625948
NM_001025312	Dclre1b	-	103604527	103613310
NM_133865	Dclre1b	-	103604527	103613310
NM_172684	Rsbn1	+	103718042	103770543
NM_001025067	Lrig2	-	104257905	104315841
NM_001310698	Lrig2	-	104257905	104315841
NM_009196	Slc16a1	+	104442586	104462385
NM_183224	Fam19a3	-	104570322	104580465
NM_027982	Ppm1j	+	104583973	104588935
NM_009797	Capza1	-	104625702	104667423
NM_001163441	Mov10	-	104597749	104621223
NM_001163440	Mov10	-	104597749	104621481
NM_008619	Mov10	-	104597749	104621223
NM_030249	Cttnbp2nl	-	104804832	104856064
NM_001163333	Cttnbp2nl	-	104804832	104855871
NM_001163332	Cttnbp2nl	-	104804832	104855871
NM_029228	4930564D02Rik	+	104869761	104881724
NM_145541	Rap1a	-	105530177	105604299
NM_009725	Atp5f1	-	105745595	105763166
NM_027025	Tmigd3	+	105673775	105726962
NM_001174169	Tmigd3	+	105673775	105711846
NM_009631	Adora3	+	105707338	105711846
NM_001304719	Atp5f1	-	105745595	105763166
NM_029604	Pifo	-	105799874	105804415
NM_001200028	Pifo	-	105799874	105817564
NM_001080816	Chil5	-	105819836	105835813
NM_009892	Chil3	-	105950471	105970482
NM_145126	Chil4	-	106004408	106022397
NM_001286987	Dram2	+	106350715	106378259
NM_001286986	Dram2	+	106350715	106378259
NM_001293694	Cept1	-	106305177	106350720
NM_026013	Dram2	+	106350715	106378259
NM_001025582	Dram2	+	106350715	106378259
NM_133869	Cept1	-	106305177	106350720
NM_028081	Lrif1	+	106524599	106539494
NM_001039478	Lrif1	+	106487904	106539494
NM_001286685	Lrif1	+	106524599	106539494
NM_001039488	Lrif1	+	106524599	106539494
NM_007651	Cd53	-	106561778	106593067
NM_008418	Kcna3	+	106839079	106841047
NM_008417	Kcna2	+	106904484	106917923
NM_001256174	A630076J17Rik	+	107033531	107036949
NM_001310705	Slc16a4	+	107094147	107110635
NM_001293689	Slc6a17	-	107270465	107320936
NM_007441	Alx3	+	107397948	107408793
NM_153563	Strip1	-	107415449	107434628
NM_001113530	Csf1	-	107548512	107563387
NM_001113529	Csf1	-	107543965	107563387
NM_007778	Csf1	-	107543965	107563387
NM_133867	Eps8l3	+	107680147	107695818
NM_010359	Gstm3	-	107766613	107772092
NM_026764	Gstm4	-	107843325	107847774
NM_010358	Gstm1	-	107815167	107820891
NM_008184	Gstm6	-	107741765	107746667
NM_001160411	Gstm4	-	107843325	107847777
NM_010306	Gnai3	-	107910192	107949070
NM_008141	Gnat2	+	107895983	107904348
NM_028779	Ampd2	-	107876979	107889584
NM_001004293	Amigo1	+	107989206	107995204
NM_001287093	Amigo1	+	107989206	107995204
NM_146137	Amigo1	+	107989206	107995204
NM_001305461	Gpr61	-	107951238	107957850
NM_001289719	Ampd2	-	107876979	107889584
NM_001289720	Ampd2	-	107876979	107888344
NM_001289545	Atxn7l2	-	108005145	108013445
NM_175183	Atxn7l2	-	108005145	108013445
NM_001004177	Celsr2	-	108193765	108218412
NM_019976	Psrc1	+	108186755	108191149
NM_026831	Mybphl	+	108167828	108182975
NM_011319	Sars	-	108227781	108248177
NM_017392	Celsr2	-	108193765	108218412
NM_001204979	Sars	-	108227781	108248177
NM_001190161	Psrc1	+	108186721	108191149
NM_026198	Tmem167b	-	108359342	108365384
NM_029522	Gpsm2	-	108481555	108525217
NM_001177771	Clcc1	+	108456857	108481758
NM_001177770	Clcc1	+	108456907	108480929
NM_145543	Clcc1	+	108456830	108481758
NM_177859	Aknad1	+	108542575	108585227
NM_001078646	Henmt1	+	108743474	108763694
NM_025723	Henmt1	+	108743001	108763694
NM_178891	Prmt6	-	110051442	110053917
NM_001190404	Amy2b	-	112950573	112959645
NM_001190403	Amy2b	-	112950573	112959645
NM_001287015	Rnpc3	-	113307984	113333067
NM_001110505	Amy1	-	113258869	113280668
NM_026043	Rnpc3	-	113307984	113333067
NM_001038696	Rnpc3	-	113307984	113333067
NM_007446	Amy1	-	113258869	113277680
NM_007901	S1pr1	-	115413350	115417973
NM_021388	Extl2	+	115710366	115731934
NM_001163514	Extl2	+	115711214	115731934
NM_023214	Slc30a7	-	115641890	115710324
NM_001163515	Extl2	+	115710366	115731934
NM_011693	Vcam1	-	115812937	115832606
NM_022427	Gpr88	-	115952571	115956402
NM_025517	Rtca	-	116191881	116211093
NM_010022	Dbt	+	116215996	116252899
NM_001289568	Sass6	+	116297875	116333904
NM_008246	Hiat1	-	116334084	116365595
NM_001289571	Sass6	+	116297875	116333904
NM_028349	Sass6	+	116297875	116333904
NM_027321	Lrrc39	+	116265890	116276030
NM_175413	Lrrc39	+	116265890	116286052
NM_001113478	Frrs1	+	116562484	116606668
NM_009146	Frrs1	+	116564597	116606668
NM_019550	Ptbp2	-	119421659	119486306
NM_001310711	Ptbp2	-	119421659	119486306
NM_025637	Rwdd3	-	120858319	120874613
NM_028456	Rwdd3	-	120858319	120874613
NM_145394	Slc44a3	-	121162445	121235262
NM_010171	F3	+	121426454	121437970
NM_001033814	4930432M17Rik	+	121373680	121385900
NM_008129	Gclm	+	121948474	121970133
NM_007980	Fabp2	+	122597989	122602424
NM_024461	1810037I17Rik	+	122627314	122629112
NM_021503	Myoz2	-	122709123	122737905
NM_027135	Sec24d	+	122970413	123068554
NM_001293682	Ndst3	-	123229083	123322368
NM_146140	Tram1l1	+	124023954	124026178
NM_001034168	Ank2	-	126624524	126646304
NM_178655	Ank2	-	126624524	126701370
NM_138593	Larp7	-	127239631	127256267
NM_145133	Tifa	+	127492830	127501307
NM_027482	5730508B09Rik	-	127572605	127599241
NM_001286942	Pitx2	+	128902795	128922512
NM_001042504	Pitx2	+	128902795	128922512
NM_001042502	Pitx2	+	128916849	128922512
NM_001287048	Pitx2	+	128916849	128922512
NM_011098	Pitx2	+	128902795	128922512
NM_001310737	Egf	-	129380494	129428004
NM_010113	Egf	-	129380494	129458240
NM_026578	Gar1	-	129527829	129534314
NM_007686	Cfi	+	129539656	129578246
NM_023196	Pla2g12a	+	129581523	129598743
NM_183423	Pla2g12a	+	129584101	129598743
NM_001286948	Pla2g12a	+	129581523	129598743
NM_009102	Rrh	-	129511492	129525423
NM_009811	Casp6	+	129604332	129617030
NM_001163587	Etnppl	+	130320365	130338668
NM_027907	Etnppl	+	130320492	130338668
NM_025509	Ostc	-	130398834	130412362
NM_026724	Rpl34	-	130429744	130433255
NM_001287581	Rpl34	-	130429744	130433255
NM_001005859	Rpl34	-	130429744	130433316
NM_010703	Lef1	+	130813214	130927275
NM_001276403	Lef1	+	130815708	130927275
NM_001276402	Lef1	+	130813214	130927275
NM_027816	Cyp2u1	-	130993408	131006145
NM_028943	Sgms2	-	131021903	131047841
NM_011863	Papss1	+	131227731	131306635
NM_001289479	Papss1	+	131227731	131306635
NM_001289477	Papss1	+	131228995	131306635
NM_001289478	Papss1	+	131227731	131306635
NM_020265	Dkk2	+	131748255	131843268
NM_007926	Aimp1	-	132323461	132346843
NM_001270430	Gimd1	+	132293154	132307613
NM_001029836	Npnt	-	132544708	132613255
NM_001287101	Npnt	-	132544708	132613255
NM_001287102	Npnt	-	132544708	132613255
NM_001287103	Npnt	-	132544708	132612778
NM_033525	Npnt	-	132544708	132613255
NM_001004367	Cxxc4	+	133899458	133925053
NM_021382	Tacr3	+	134491970	134597545
NM_027208	Bdh2	+	134944184	134967389
NM_001172055	Bdh2	+	134944184	134967389
NM_173762	Cenpe	+	134875526	134936504
NM_028946	Slc9b1	+	135011000	135060791
NM_025902	Cisd2	-	135069375	135086397
NM_027288	Manba	+	135148574	135234367
NM_016885	Emcn	+	137004041	137094033
NM_001163522	Emcn	+	137004041	137094033
NM_030143	Ddit4l	+	137286635	137291296
NM_001033155	Dnajb14	+	137530638	137571895
NM_016750	H2afz	+	137527450	137529886
NM_001316995	H2afz	+	137527450	137529886
NM_026945	Adh6a	+	137976249	137994098
NM_001288578	Adh5	+	138100163	138118463
NM_007410	Adh5	+	138106056	138118463
NM_001313980	Eif4e	+	138190231	138222660
NM_007917	Eif4e	+	138189154	138222660
NM_008811	Pdha2	-	140872967	140875319
NM_001190853	Pdlim5	-	141965043	142058660
NM_022554	Pdlim5	-	141965043	142054814
NM_019809	Pdlim5	-	141965043	142058660
NM_001190857	Pdlim5	-	141965043	142054814
NM_001083312	Gbp7	+	142193299	142213115
NM_145545	Gbp7	+	142193299	142213115
NM_001289492	Gbp3	+	142223015	142236176
NM_018734	Gbp3	+	142223015	142236176
NM_010259	Gbp2b	+	142257810	142282140
NM_001289493	Gbp3	+	142223459	142236176
NM_001293560	Ccbl2	+	142364011	142407875
NM_173763	Ccbl2	+	142364011	142407875
NM_001161770	Lmo4	-	143851493	143865296
NM_001161769	Lmo4	-	143851493	143865360
NM_010723	Lmo4	-	143851493	143868219
NM_053102	Sep15	+	144233390	144260640
NM_009899	Clca3a1	-	144392640	144423941
NM_019464	Sh3glb1	-	144349865	144383299
NM_001282042	Sh3glb1	-	144346641	144383299
NM_001282037	Sh3glb1	-	144349865	144383299
NM_030601	Clca3a2	-	144459522	144482458
NM_207208	Clca4a	-	144615449	144638009
NM_017474	Clca1	-	144667500	144695740
NM_001162539	Odf2l	+	144781552	144816879
NM_025714	Odf2l	+	144781563	144816879
NM_001162538	Odf2l	+	144781552	144816879
NM_010516	Cyr61	-	145309934	145312949
NM_009740	Bcl10	+	145587225	145597328
NM_001166064	Syde2	+	145650833	145684684
NM_026656	Mcoln2	+	145812796	145858475
NM_001005846	Mcoln2	+	145813137	145858476
NM_022983	Lpar3	+	145883924	145949178
NM_028836	Ctbs	+	146113430	146128812
NM_138744	Ssx2ip	+	146067605	146103101
NM_001253770	Ssx2ip	+	146067605	146103101
NM_001253769	Ssx2ip	+	146067605	146103101
NM_001253768	Ssx2ip	+	146067605	146103101
NM_001293672	Ctbs	+	146113430	146128812
NM_010318	Gng5	+	146162799	146168507
NM_027371	Rpf1	-	146169309	146184387
NM_027332	Rpf1	-	146173758	146184387
NM_008966	Ptgfr	-	151461573	151500492
NM_031367	Ifi44l	-	151421700	151425855
NM_133871	Ifi44	-	151393886	151412923
NM_027287	Dnajb4	-	151846834	151873047
NM_025926	Dnajb4	-	151846834	151856809
NM_001162375	Fam73a	-	151936423	152003371
NM_174868	Fam73a	-	151936423	152003371
NM_001287139	Zzz3	+	152059647	152125790
NM_001080755	Zzz3	+	152058966	152125790
NM_031870	Msh4	-	153520104	153569102
NM_007382	Acadm	-	153585316	153607607
NM_001163479	Rabggtb	-	153570252	153573931
NM_001163478	Rabggtb	-	153570252	153575930
NM_011231	Rabggtb	-	153570252	153575167
NM_001282054	Msh4	-	153520104	153567855
NM_010713	Lhx8	-	153969257	153993524
NM_001168358	Tyw3	-	154239483	154260062
NM_172474	Tyw3	-	154239483	154260062
NM_029330	Fpgt	-	154747882	154756342
NM_024194	Lrrc40	+	157699645	157730054
NM_001289524	Lrrc40	+	157699645	157730054
NM_001289525	Lrrc40	+	157699645	157730054
NM_029523	Depdc1a	+	159158396	159192919
NM_001172093	Depdc1a	+	159158396	159192919
NM_001172092	Depdc1a	+	159158396	159192919
NM_029987	Rpe65	+	159262144	159288271
