name	name2	txStart	txEnd
NM_053011	Lrp1b	40452292	42509118
NM_001177656	Grin1	25146696	25174707
NM_008169	Grin1	25146696	25174707
NM_001177657	Grin1	25146696	25174707
NM_001001178	Ccdc148	58674108	58998684
NM_146130	Hnrnpa3	75497315	75507464
NM_029455	Fam227b	125809218	125977740
NM_053263	Hnrnpa3	75497315	75507464
NM_198090	Hnrnpa3	75497315	75507464
NM_001081133	Kif16b	142444080	142727200
NM_011201	Ptpn1	167757826	167804885
NM_177343	Camk1d	5214502	5635808
NM_181399	Usp6nl	6273781	6364866
NM_001290374	Camk1d	5214502	5635808
NM_001290375	Camk1d	5214502	5635808
NM_001290376	Camk1d	5214502	5597092
NM_001080548	Usp6nl	6243802	6364866
NM_172475	Frmd4a	4073908	4535089
NM_177386	Sfmbt2	10294062	10516880
NM_001198808	Sfmbt2	10292077	10516880
NM_023116	Cacnb2	14525932	14909535
NM_001310455	Malrd1	15448105	16177184
NM_027635	4931423N10Rik	23062995	23122649
NM_008845	Pip4k2a	18763882	18919748
NM_001290548	Fubp3	31428170	31473046
NM_001290489	Med27	29234033	29380310
NM_001033389	Fubp3	31428170	31473046
NM_007932	Eng	32502114	32538189
NM_026896	Med27	29202329	29380310
NM_001146350	Eng	32502114	32538189
NM_001146348	Eng	32502114	32538189
NM_146122	Dennd1a	37654509	38142904
NM_029774	Ttll11	35606745	35835144
NM_001285428	Cacnb4	52283839	52531378
NM_001285426	Cacnb4	52283839	52531662
NM_173030	Galnt13	54288797	54970155
NM_001037099	Cacnb4	52283839	52532128
NM_001047604	Ttc21b	66022383	66094674
NM_027225	Cobll1	64926395	65076683
NM_001290669	Ttc21b	66022383	66094674
NM_001001182	Baz2b	59737419	59963797
NM_133207	Kcnh7	62541002	63022344
NM_177025	Cobll1	64926395	65076683
NM_177376	Myo3b	69877182	70267252
NM_016744	Pde1a	79674609	79969128
NM_178723	Zfp385b	77248688	77654873
NM_011652	Ttn	76542040	76820604
NM_001159582	Pde1a	79674609	79969569
NM_028004	Ttn	76542040	76820604
NM_001311144	1110051M20Rik	91113396	91284871
NM_001289743	Lrrc4c	96158325	97471821
NM_001289742	Lrrc4c	96158325	97471821
NM_001142337	Lmo2	103798151	103822035
NM_133648	Slc12a6	112124844	112203320
NM_001285458	Fmn1	113167892	113556924
NM_010230	Fmn1	113167892	113556924
NM_133649	Slc12a6	112106470	112203320
NM_080788	Ttbk2	120558551	120676320
NM_001024857	Ttbk2	120558551	120676154
NM_030112	Rtf1	119500803	119561143
NM_001024856	Ttbk2	120558551	120676154
NM_028765	Acoxl	127680363	127949628
NM_001291039	Cds2	132111674	132137786
NM_144888	Mavs	131059798	131073760
NM_138651	Cds2	132088883	132137786
NM_001206382	Mavs	131059798	131073760
NM_001206385	Mavs	131059798	131073760
NM_001206383	Mavs	131059798	131073760
NM_175550	Ap4e1	126834446	126895550
NM_001291040	Cds2	132088883	132121926
NM_001145830	Plcb1	134611899	135300994
NM_019677	Plcb1	134611899	135300994
NM_181266	Zfp120	149940142	149962414
NM_023266	Zfp120	149940142	149962414
NM_009751	Bfsp1	143652263	143688909
NM_001291061	Bfsp1	143652263	143688909
NM_080463	Pofut1	153067267	153095985
NM_001025395	Src	157250028	157297574
NM_009271	Src	157250028	157297574
NM_001291158	Zmynd8	165609651	165703937
NM_001291151	Ptprt	161347723	162486883
NM_001291149	Ptprt	161347723	162486883
NM_001291150	Ptprt	161347723	162486883
NM_001252584	Zmynd8	165609651	165710338
NM_027230	Zmynd8	165609651	165710338
NM_001281926	Zmynd8	165609651	165707778
NM_021464	Ptprt	161347723	162486883
NM_001252585	Zmynd8	165609651	165683673
NM_001252587	Zmynd8	165652623	165710338
NM_133240	Acot8	164618267	164630381
NM_001177543	0610010B08Rik	175017505	175163713
NM_001177543	0610010B08Rik	174952492	175261278
NM_009936	Col9a3	180332926	180356890
NM_145921	Olah	3259259	3283841
NM_015765	Hspa14	3406125	3430086
NM_001190400	Bend7	4638876	4723192
NM_178663	Bend7	4638876	4723192
NM_010726	Phyh	4840041	4859789
NM_001177843	Frmd4a	4322021	4535089
NM_001159657	Proser2	6019545	6051231
NM_144883	Proser2	6019545	6051231
NM_001110229	Celf2	6460743	7002348
NM_001110232	Celf2	6460743	7317627
NM_001160293	Celf2	6460743	6806042
NM_001110228	Celf2	6460743	6806042
NM_010160	Celf2	6460743	6806042
NM_001160292	Celf2	6460743	7002348
NM_001110230	Celf2	6460743	7002348
NM_001110231	Celf2	6460743	7317825
NM_001310447	Celf2	6460744	6642708
NM_027748	Taf3	9836178	9970236
NM_001198809	Sfmbt2	10294062	10360764
NM_172471	Itih5	10075169	10178156
NM_001177756	Pfkfb3	11393057	11423717
NM_001177755	Pfkfb3	11393057	11423717
NM_001177754	Pfkfb3	11393057	11423717
NM_133232	Pfkfb3	11393057	11423717
NM_001177752	Pfkfb3	11393057	11423717
NM_001177753	Pfkfb3	11393057	11423717
NM_001177758	Pfkfb3	11393057	11475556
NM_001177757	Pfkfb3	11393057	11423717
NM_024185	Fam188a	12268890	12341087
NM_001001309	Itga8	12028286	12223547
NM_009105	Rsu1	12998593	13193042
NM_001081084	Cubn	13197964	13413503
NM_008625	Mrc1	14151040	14253650
NM_028950	Nsun6	14916757	14970939
NM_001252533	Cacnb2	14745718	14909535
NM_001165943	Nsun6	14916757	14976499
NM_001165941	Nsun6	14916757	14976499
NM_001309519	Cacnb2	14795282	14909535
NM_026162	Plxdc2	16277930	16677466
NM_001252560	Mllt10	17986211	18134017
NM_001190817	Dnajc1	18127959	18314457
NM_010804	Mllt10	17976863	18134017
NM_001252561	Mllt10	17986211	18134017
NM_007869	Dnajc1	18135377	18314457
NM_001271565	Armc3	19120744	19231870
NM_001271564	Armc3	19120744	19231870
NM_001081083	Armc3	19120744	19231870
NM_001271563	Armc3	19120744	19231870
NM_178059	Etl4	20431673	20732162
NM_001081364	Arhgap21	20769545	20889348
NM_001128084	Arhgap21	20769545	20889348
NM_001177631	Etl4	20441139	20732162
NM_001177630	Etl4	20441139	20732162
NM_001081006	Etl4	20211539	20732162
NM_029895	Etl4	20431673	20732162
NM_027728	Enkur	21102357	21126992
NM_001004761	Gpr158	21289193	21752169
NM_028793	Acbd5	22923720	22970032
NM_145994	Abi1	22795508	22895761
NM_007380	Abi1	22795508	22895761
NM_001102438	Acbd5	22924591	22970032
NM_001102437	Acbd5	22924591	22970032
NM_001102436	Acbd5	22923720	22970032
NM_001077193	Abi1	22795508	22895761
NM_001077192	Abi1	22795508	22895761
NM_001077190	Abi1	22795508	22895761
NM_019456	Apbb1ip	22629846	22731173
NM_008078	Gad2	22477846	22549397
NM_148413	Myo3a	22149129	22473772
NM_001042528	Cacna1b	24459408	24618672
NM_007579	Cacna1b	24459408	24618672
NM_001109686	Ehmt1	24646288	24775129
NM_172545	Ehmt1	24646288	24775129
NM_001109687	Ehmt1	24646288	24775129
NM_001012518	Ehmt1	24646288	24775129
NM_146251	Pnpla7	24831552	24909592
NM_026495	Nacc2	25911055	25978331
NM_007379	Abca2	25284193	25304059
NM_001276361	Camsap1	25782357	25838802
NM_001276360	Camsap1	25782357	25838802
NM_001276359	Camsap1	25782357	25838802
NM_008714	Notch1	26313421	26359342
NM_029862	Cacfd1	26865445	26876609
NM_001243239	Cacfd1	26865445	26872369
NM_001243240	Cacfd1	26865445	26872955
NM_015734	Col5a1	27741944	27895030
NM_001038613	Olfm1	28048612	28086256
NM_001038614	Olfm1	28048612	28069951
NM_029615	Med27	29202329	29333953
NM_001166705	1700101E01Rik	28811000	28910586
NM_001033874	Ak8	28555680	28668685
NM_001033294	Ddx31	28695925	28761095
NM_001177667	Sptan1	29821079	29886970
NM_001177668	Sptan1	29821079	29886970
NM_001177661	Odf2	29745239	29778058
NM_001177659	Odf2	29745239	29787266
NM_001039086	Rapgef1	29475239	29595883
NM_001113213	Odf2	29745239	29787266
NM_138748	Ppp2r4	30271569	30303327
NM_054050	Rapgef1	29475239	29595883
NM_001113214	Odf2	29745239	29778058
NM_001039087	Rapgef1	29475239	29595883
NM_013615	Odf2	29745582	29778058
NM_001309460	Sptan1	29821079	29886970
NM_019406	Fnbp1	30908754	30997528
NM_178760	Gpr107	31007835	31072087
NM_001038700	Fnbp1	30881725	30997528
NM_007494	Ass1	31325789	31376190
NM_001177650	Fnbp1	30881725	30952020
NM_001177649	Fnbp1	30881725	30997528
NM_001177648	Fnbp1	30881725	30997528
NM_001283047	Abl1	31544056	31659882
NM_001283046	Abl1	31544056	31659882
NM_172268	Nup214	31829969	31909495
NM_011675	Uck1	32110521	32115625
NM_001112703	Abl1	31544056	31659882
NM_175211	Ralgps1	32988938	33227014
NM_010725	Lmx1b	33420055	33496031
NM_146119	Fam129b	32731653	32780773
NM_001290570	Ralgps1	32988938	33227014
NM_001290572	Ralgps1	32988938	33227014
NM_175184	Mvb12b	33585475	33743466
NM_001290626	Mapkap1	34262370	34480478
NM_001290625	Mapkap1	34262290	34480478
NM_001290576	Pbx3	34026976	34227565
NM_016768	Pbx3	34026976	34227565
NM_177345	Mapkap1	34262370	34480478
NM_030021	Cutal	34729915	34747653
NM_001308024	Cutal	34729915	34747653
NM_001290641	Dab2ip	35477500	35586514
NM_001206367	Gsn	35111878	35163422
NM_001206368	Gsn	35111878	35163422
NM_001114125	Dab2ip	35413977	35586514
NM_001114124	Dab2ip	35477500	35586514
NM_001290635	Cntrl	34987753	35003191
NM_012018	Cntrl	34965011	35034342
NM_001206369	Gsn	35122263	35163422
NM_001290637	Dab2ip	35438359	35586514
NM_026422	Mrrf	35991917	36045803
NM_009261	Strbp	37425387	37502805
NM_146121	Rabgap1	37298804	37421957
NM_001033960	Rabgap1	37307773	37400482
NM_001159631	Nek6	38367395	38443010
NM_010264	Nr6a1	38578893	38781981
NM_021606	Nek6	38367216	38443010
NM_178778	Scai	38921734	39046250
NM_001289593	Kynu	43410844	43535736
NM_027552	Kynu	43410844	43538568
NM_001289521	Zeb2	44839031	44965797
NM_015753	Zeb2	44839031	44968799
NM_172662	Gtdc1	44419931	44717142
NM_029924	Mbd5	48805027	49172589
NM_011958	Orc4	48758371	48804787
NM_001290656	Mbd5	49101419	49172589
NM_177139	Lypd6	49921948	50049089
NM_146123	Cacnb4	52283839	52414131
NM_001285427	Cacnb4	52283839	52414131
NM_172409	Fmnl2	52716901	52993236
NM_001304810	Kcnj3	55288380	55450556
NM_008426	Kcnj3	55288380	55450556
NM_001145820	Gpd2	57090088	57223130
NM_010274	Gpd2	57090792	57223130
NM_001110204	Acvr1	58298848	58419239
NM_007394	Acvr1	58298848	58419239
NM_001289660	Upp2	58419744	58645382
NM_001111030	Acvr1c	58119863	58210169
NM_001110205	Acvr1	58298848	58419239
NM_026361	Pkp4	58998906	59193262
NM_001290659	Tanc1	59484825	59684270
NM_198294	Tanc1	59450098	59684270
NM_175464	Pkp4	58998906	59193262
NM_001159564	Itgb6	60436348	60560660
NM_001141932	Rbms1	60590009	60719495
NM_001141931	Rbms1	60590009	60719495
NM_020296	Rbms1	60590009	60801261
NM_008867	Pla2r1	60255599	60391365
NM_001164072	Tank	61431153	61492226
NM_001164071	Tank	61431153	61492226
NM_011529	Tank	61416642	61492226
NM_021526	Psmd14	61549750	61638433
NM_001242383	Slc4a10	61884571	62164800
NM_001242382	Slc4a10	61884571	62164800
NM_033552	Slc4a10	61884571	62164800
NM_001242379	Slc4a10	61884571	62164800
NM_001242380	Slc4a10	61884571	62164800
NM_001242381	Slc4a10	61884571	62164800
NM_001242378	Slc4a10	61884571	62164800
NM_021716	Fign	63809564	63936095
NM_001267847	Fign	63809564	63936095
NM_001267846	Fign	63809564	63936095
NM_018732	Scn3a	65295174	65405549
NM_153409	Csrnp3	65683823	65869603
NM_001099298	Scn2a1	65508501	65605504
NM_001290666	Csrnp3	65683823	65869603
NM_001290665	Csrnp3	65769921	65869603
NM_178634	Csrnp3	65683823	65869603
NM_015736	Galnt3	65920822	65962850
NM_009135	Scn7a	66511482	66622967
NM_018733	Scn1a	66108838	66278894
NM_001290675	Scn9a	66318137	66473019
NM_001290674	Scn9a	66318137	66473019
NM_001313997	Scn1a	66108838	66278894
NM_177783	Ubr3	69735302	69862067
NM_001303033	Ubr3	69735302	69862067
NM_198005	Dcaf17	70893800	70926701
NM_027352	Gorasp2	70499565	70529782
NM_001165981	Dcaf17	70893800	70937199
NM_001165980	Dcaf17	70893800	70933915
NM_001165982	Dcaf17	70893800	70921514
NM_172664	Tlk1	70550464	70663537
NM_001204165	Rapgef4	71819271	72095531
NM_023057	Zak	72123693	72280667
NM_178084	Zak	72123757	72227896
NM_001204167	Rapgef4	71819271	71982511
NM_001204166	Rapgef4	71892673	72095531
NM_001164791	Zak	72123757	72245558
NM_019688	Rapgef4	71819271	72095531
NM_025854	Cir1	73121928	73150649
NM_030091	Ola1	72975583	73052504
NM_025942	Ola1	72930857	73052504
NM_153138	Wipf1	73267666	73367544
NM_001289723	Wipf1	73267666	73323810
NM_001289722	Wipf1	73267666	73291946
NM_001113246	Chn1	73448716	73613403
NM_009715	Atf2	73654565	73730696
NM_001025093	Atf2	73654565	73730696
NM_001166603	Chn1	73448716	73613403
NM_001284376	Atf2	73654565	73730696
NM_001284374	Atf2	73654565	73730696
NM_001284373	Atf2	73654565	73730696
NM_001284372	Atf2	73654565	73730696
NM_001284369	Atf2	73654565	73730696
NM_010468	Hoxd3	74550049	74586328
NM_016804	Mtx2	74663868	74714805
NM_145525	Osbpl6	76244564	76438704
NM_001290733	Osbpl6	76244564	76438704
NM_001290734	Osbpl6	76244564	76438704
NM_172666	Agps	75670233	75769407
NM_001113400	Zfp385b	77248688	77357723
NM_001025576	Ccdc141	76847962	77008692
NM_001113399	Zfp385b	77248688	77541329
NM_175465	Sestd1	77018396	77118649
NM_001290744	Ppp1r1c	79547936	79650897
NM_010576	Itga4	79095582	79173271
NM_172420	Ppp1r1c	79547936	79650897
NM_001290743	Ppp1r1c	79547936	79658703
NM_016965	Nckap1	80340668	80421339
NM_001290745	Nckap1	80340668	80421339
NM_175513	Zfp804a	81893814	82100035
NM_011576	Tfpi	84273016	84314331
NM_144887	Zdhhc5	84528076	84555321
NM_008982	Ptprj	90273045	90420804
NM_017368	Celf1	90780553	90859654
NM_001135657	Ptprj	90269912	90319331
NM_001244903	Celf1	90780553	90859654
NM_001244891	Celf1	90780553	90859654
NM_008653	Mybpc3	90958300	90976673
NM_019758	Mtch2	90687311	90706791
NM_198683	Celf1	90780553	90859654
NM_001109690	Phf21a	92061718	92204823
NM_001109691	Phf21a	92025639	92204823
NM_001080754	Ambra1	91570294	91759006
NM_138755	Phf21a	92024338	92204823
NM_172669	Ambra1	91570294	91759006
NM_183180	Tspan18	93041916	93174644
NM_010163	Ext2	93535787	93662725
NM_183106	Ttc17	94140922	94246846
NM_178725	Lrrc4c	97307813	97471821
NM_001289744	Lrrc4c	97307813	97471821
NM_001083810	Prr5l	101554441	101637864
NM_001110849	Prr5l	101554441	101679137
NM_175181	Prr5l	101554441	101637864
NM_020267	Trim44	102140275	102241057
NM_001077514	Slc1a2	102498839	102630941
NM_001077515	Slc1a2	102546594	102630941
NM_178886	Ldlrad3	101790357	102026617
NM_001290784	Ldlrad3	101790357	102026617
NM_010125	Elf5	103264224	103291145
NM_175094	Pdhx	102861212	102913670
NM_001145813	Elf5	103252254	103291145
NM_001111060	Cd59a	103935957	103955567
NM_145529	Cstf3	104430640	104505582
NM_007652	Cd59a	103935957	103955567
NM_001145824	Hipk3	104266638	104334646
NM_177600	Ccdc73	104726480	104839894
NM_001123327	Qser1	104594949	104656853
NM_010434	Hipk3	104266638	104334646
NM_028747	Them7	105064498	105220017
NM_028260	Immp1l	105744794	105805715
NM_023876	Elp4	105537476	105744721
NM_001159638	Them7	105064498	105220017
NM_029837	Mpped2	106535757	106708517
NM_001143683	Mpped2	106533615	106708517
NM_172671	Lgr4	109757803	109854414
NM_028844	Aven	112333120	112471410
NM_001165935	Aven	112399838	112471410
NM_001285459	Fmn1	113281220	113556924
NM_009162	Scg5	113616469	113669248
NM_001136072	Meis2	115686999	115890794
NM_001159570	Meis2	115686999	115890357
NM_010825	Meis2	115686999	115890794
NM_001145898	BC052040	115407451	115604504
NM_001159567	Meis2	115686999	115890794
NM_001159569	Meis2	115686999	115890357
NM_001159568	Meis2	115686999	115890794
NM_207264	BC052040	115407451	115604504
NM_001177806	Eif2ak4	118214847	118300970
NM_138313	Bmf	118354492	118375414
NM_013719	Eif2ak4	118214352	118300970
NM_001311140	Bmf	118354492	118373296
NM_019769	Chp1	119373442	119412758
NM_139139	Dnajc17	118998235	119034531
NM_001109761	Capn3	120302644	120330655
NM_001177799	Capn3	120289328	120330655
NM_001110496	Tmem87a	120181044	120229852
NM_173734	Tmem87a	120181044	120229852
NM_011941	Mapkbp1	119798434	119853139
NM_177845	Pla2g4e	119992147	120071071
NM_001110497	Tmem87a	120181044	120229852
NM_007601	Capn3	120289328	120330655
NM_009461	Ubr1	120686011	120796451
NM_001290812	Adal	120966163	120982416
NM_007952	Pdia3	121239637	121264422
NM_001290811	Adal	120966163	120982416
NM_029475	Adal	120967828	120982416
NM_172673	Frmd5	121371264	121632793
NM_145531	Spg11	121879261	121944122
NM_025961	Gatm	122420208	122437013
NM_028914	4933406J08Rik	122012007	122032129
NM_001099297	Duox1	122141407	122173708
NM_001290997	Sema6d	123915704	124493525
NM_007993	Fbn1	125126329	125332174
NM_001081091	Cep152	125388823	125450849
NM_177608	Secisbp2l	125562721	125608606
NM_001079690	Slc12a1	124978335	125055737
NM_175154	Galk2	125684844	125810034
NM_183354	Slc12a1	124978335	125055737
NM_175034	Slc24a5	124893862	124914413
NM_001291002	Galk2	125691958	125810034
NM_010249	Gabpb1	126464754	126501328
NM_023220	Sppl2a	126716130	126758971
NM_001271492	Gabpb1	126473483	126501328
NM_001271470	Gabpb1	126464754	126502073
NM_001271469	Gabpb1	126454642	126501328
NM_001271468	Gabpb1	126454642	126501328
NM_001271467	Gabpb1	126454642	126501328
NM_001080944	Atp8b4	126146708	126317289
NM_207669	Gabpb1	126454642	126501328
NM_028141	Zfp661	127401268	127410413
NM_001111029	Zfp661	127401270	127410413
NM_178404	Zc3h6	128793137	128844299
NM_008569	Anapc1	128435818	128513131
NM_024237	Fbln7	128689667	128722770
NM_183262	Stk35	129626252	129658021
NM_181589	Ckap2l	129093945	129122948
NM_001038635	Stk35	129626252	129658021
NM_008980	Ptpra	130276013	130380036
NM_001110513	Ebf4	130121674	130196217
NM_001255994	Ubox5	130415731	130455774
NM_001255993	Ubox5	130415731	130455774
NM_009730	Atrn	130732231	130856062
NM_001163688	Ptpra	130276013	130380036
NM_080562	Ubox5	130415731	130455774
NM_029432	4930402H24Rik	130531935	130665881
NM_001311147	4930402H24Rik	130531935	130665423
NM_145533	Smox	131317597	131350919
NM_001177839	Smox	131317597	131350919
NM_001177838	Smox	131317597	131350919
NM_001177837	Smox	131317597	131350919
NM_001177836	Smox	131317597	131350919
NM_001177835	Smox	131317597	131350919
NM_001177834	Smox	131317597	131350919
NM_001177833	Smox	131317597	131350919
NM_001177840	Smox	131317597	131350919
NM_028802	Gpcpd1	132354817	132403984
NM_001042672	Gpcpd1	132358460	132403984
NM_025676	Mcm8	132641876	132669924
NM_001291054	Mcm8	132641876	132669924
NM_027096	Gpcpd1	132354817	132403984
NM_001291052	Gpcpd1	132354817	132403984
NM_001291051	Gpcpd1	132354817	132403984
NM_001291050	Gpcpd1	132354817	132403984
NM_172858	Pak7	135906823	136213703
NM_011428	Snap25	136539185	136608164
NM_001038641	Slx4ip	136725086	136895514
NM_001291056	Snap25	136539185	136608164
NM_001289611	Tasp1	139801954	139892541
NM_001159640	Tasp1	139659214	139892541
NM_001159641	Tasp1	139659214	139892541
NM_175225	Tasp1	139659214	139892541
NM_008792	Pcsk2	143371868	143642018
NM_025314	Dtd1	144425688	144594483
NM_024281	Rrbp1	143773130	143836999
NM_172859	Dzank1	144296292	144353134
NM_028724	Rin2	145611851	145713352
NM_001033348	Ralgapa2	146067034	146337740
NM_008780	Pax1	147190729	147200784
NM_001085521	Syndig1	149656518	149830128
NM_026086	Nanp	150855420	150865115
NM_080575	Acss1	150443846	150493976
NM_001160410	Scrt2	151907264	151921538
NM_001141975	Tpx2	152673699	152721057
NM_001083618	Ttll9	152788220	152834218
NM_001141977	Tpx2	152673699	152721057
NM_001141976	Tpx2	152673699	152721057
NM_176950	Defb20	152302798	152305670
NM_028109	Tpx2	152673699	152721057
NM_001141978	Tpx2	152673699	152721057
NM_001037247	Defb36	152430062	152438465
NM_001134300	Nol4l	153233196	153355707
NM_001139513	Raly	154616845	154692997
NM_001139512	Raly	154616845	154692997
NM_023130	Raly	154616845	154692997
NM_001285446	Cbfa2t2	154262219	154365092
NM_009823	Cbfa2t2	154262219	154365092
NM_001139511	Raly	154616845	154692997
NM_172860	Cbfa2t2	154262219	154365092
NM_144786	Ggt7	155316115	155340582
NM_018888	Uqcc1	155672621	155756046
NM_133242	Rbm39	155972975	156005974
NM_001291115	Rbm39	155972975	156005316
NM_001291114	Rbm39	155972975	156005974
NM_172674	Phf20	156022382	156135689
NM_001139516	Rbl1	157000731	157030270
NM_013865	Ndrg3	156753077	156817847
NM_001164663	Soga1	156836177	156905001
NM_013510	Epb41l1	156246644	156368950
NM_010285	Ghrh	157155231	157172391
NM_011249	Rbl1	156971629	157030270
NM_180956	Ndrg3	156753077	156817847
NM_001006664	Epb41l1	156301269	156368950
NM_001291123	Epb41l1	156246644	156368950
NM_001291122	Epb41l1	156246644	156368950
NM_001291121	Epb41l1	156246644	156368950
NM_001291120	Epb41l1	156246644	156368950
NM_025680	Ctnnbl1	157563136	157717639
NM_175692	Snhg11	158201373	158211881
NM_001098799	Tox2	163051189	163148838
NM_001205076	Jph2	163161977	163223729
NM_021566	Jph2	163161977	163223709
NM_001161806	Wfdc11	164488393	164499587
NM_080287	Elmo2	165113530	165151979
NM_011611	Cd40	164881135	164897154
NM_207706	Elmo2	165113530	165151979
NM_170704	Cd40	164881135	164897154
NM_170703	Cd40	164881135	164897154
NM_170702	Cd40	164881135	164897154
NM_174988	Cdh22	164937006	165060237
NM_028072	Sulf2	165899398	165981183
NM_001252579	Sulf2	165899398	165981183
NM_001252578	Sulf2	165899398	165980785
NM_177782	Prex1	166391844	166539332
NM_008420	Kcnb1	166921468	167014318
NM_001289445	Atp9a	168459937	168559839
NM_015731	Atp9a	168459937	168567300
NM_001289446	Atp9a	168459937	168567636
NM_080455	Tshz2	169459145	169714004
NM_029761	Dok5	170557306	170705275
NM_001163686	Dok5	170557306	170705275
NM_001080820	Cass4	172219293	172259257
NM_001276423	Cass4	172219293	172259257
NM_001276422	Cass4	172219293	172259257
NM_001177480	Gm14391	175868369	175987706
NM_001177543	0610010B08Rik	176266768	176598837
NM_028806	Phactr3	177876637	178073197
NM_001007154	Phactr3	177927788	178073197
NM_001177789	Phactr3	177853679	178073197
NM_001177791	Phactr3	177910053	178073197
NM_001177790	Phactr3	177853679	178073197
NM_177191	Sycp2	178080000	178142363
NM_028518	Col20a1	180721239	180752245
NM_027656	Zbtb46	181125590	181159093
NM_016775	Dnajc5	181255189	181287585
NM_001271585	Dnajc5	181255189	181287585
NM_001271584	Dnajc5	181255189	181287585
NM_001310434	Fam171a1	3031495	3145073
NM_030063	Acbd7	3253439	3258269
NM_001013376	Rpp38	3246220	3249900
NM_001290368	Nmt2	3201483	3246149
NM_001290370	Nmt2	3201483	3246149
NM_001290369	Nmt2	3201483	3246149
NM_008708	Nmt2	3201483	3246149
NM_022724	Suv39h2	3373086	3392258
NM_177647	Cdnf	3430336	3443648
NM_001177844	Frmd4a	4480799	4535089
NM_175400	Sephs1	4802609	4831602
NM_001305259	Mcm10	4911769	4933390
NM_027290	Mcm10	4911769	4933837
NM_008091	Gata3	9778704	9800227
NM_001112738	Atp5c1	9977658	10002137
NM_020615	Atp5c1	9977658	10002137
NM_010582	Itih2	10016217	10052310
NM_001271499	Il15ra	11627338	11655612
NM_001271497	Il15ra	11626919	11655612
NM_001271498	Il15ra	11626919	11655612
NM_001271501	Il15ra	11627338	11655612
NM_001271500	Il15ra	11627338	11655612
NM_008358	Il15ra	11627338	11655612
NM_133836	Il15ra	11626919	11655612
NM_008367	Il2ra	11564418	11614821
NM_177268	Ankrd16	11699379	11711950
NM_001305436	Pter	12845667	12925081
NM_001305437	Pter	12845667	12925081
NM_008961	Pter	12845667	12925081
NM_153155	C1ql3	12923513	12932491
NM_010067	Trdmt1	13431787	13466291
NM_001012396	Hacd1	13948457	13977662
NM_013935	Hacd1	13948457	13977662
NM_001012305	Slc39a12	14310024	14416604
NM_001165942	Nsun6	14958061	14970939
NM_028317	Skida1	17965713	17970076
NM_018809	Ptf1a	19367289	19369128
NM_027715	Otud1	19579688	19582217
NM_177588	Thnsl1	21127350	21136636
NM_001001297	Thnsl1	21127350	21136636
NM_019501	Pdss1	22751041	22795779
NM_025979	Mastl	22972063	23011544
NM_013771	Yme1l1	23012024	23054780
NM_001165997	Spopl	23365573	23427624
NM_001165998	Spopl	23365573	23427624
NM_029773	Spopl	23365573	23427624
NM_001289689	Tbpl2	23926885	23952115
NM_199059	Tbpl2	23926885	23952115
NM_080462	Hnmt	23858431	23904899
NM_153511	Il1f9	24041995	24049087
NM_001159562	Il1rn	24200810	24207011
NM_001146087	Il1f5	24132473	24137952
NM_031167	Il1rn	24192379	24207011
NM_001039701	Il1rn	24200890	24207011
NM_001146088	Il1f5	24132473	24137952
NM_019451	Il1f5	24132790	24137952
NM_026021	Zmynd19	24805296	24816390
NM_026044	Dph7	24817941	24828991
NM_178408	Arrdc1	24780871	24790801
NM_001162485	Arrdc1	24780871	24790801
NM_001031808	Mrpl41	24827989	24830618
NM_147179	Zmynd19	24805677	24816390
NM_028093	Entpd8	24935842	24941239
NM_001039387	Nsmf	24909898	24918401
NM_020276	Nsmf	24909898	24918401
NM_172204	Noxa1	24941189	24950725
NM_001177655	Nsmf	24909898	24918401
NM_001177654	Nsmf	24909898	24918401
NM_001163626	Noxa1	24941189	24950725
NM_001039386	Nsmf	24909898	24918401
NM_175286	Tprn	25118117	25125406
NM_146117	Lrrc26	25145430	25146713
NM_146116	Tubb4b	25077677	25080222
NM_146115	Tor4a	25048239	25052333
NM_025980	Nrarp	25036277	25038852
NM_001033410	Rnf224	25089995	25092307
NM_001252542	Ndor1	25100332	25110934
NM_001252541	Ndor1	25100332	25110934
NM_177344	Tmem203	25110958	25111872
NM_001082476	Ndor1	25100332	25110934
NM_023464	Ssna1	25126558	25127938
NM_176834	Rnf208	25098448	25099781
NM_001242940	Grin1os	25146739	25154448
NM_026415	Cysrt1	25094338	25095417
NM_026624	Fam166a	25074264	25077801
NM_080854	Slc34a3	25084416	25089754
NM_030055	Tmem210	25143664	25144707
NM_001177367	Fut7	25279213	25281893
NM_001177366	Fut7	25279213	25281893
NM_001029983	Man1b1	25188262	25207733
NM_013524	Fut7	25279213	25281893
NM_001289456	Fut7	25278761	25281893
NM_009849	Entpd2	25251393	25256843
NM_008721	Npdc1	25258569	25265014
NM_001290407	Sapcd2	25227554	25233733
NM_001081085	Sapcd2	25227554	25233733
NM_001289455	Fut7	25279213	25281893
NM_001289454	Fut7	25278761	25281893
NM_001289453	Fut7	25278761	25281893
NM_001290413	Traf2	25373501	25402460
NM_008963	Ptgds	25322231	25325269
NM_009422	Traf2	25373501	25402460
NM_029859	Ccdc183	25464148	25473198
NM_001040130	Tmem141	25475585	25477522
NM_007995	Fcna	25480186	25483494
NM_177840	Lcn6	25532305	25537127
NM_001109993	Tmem141	25475585	25477525
NM_001276448	Lcn6	25532305	25537127
NM_001005424	Gm996	25430935	25435619
NM_178036	Lcn10	25538245	25541600
NM_001100455	Lcn11	25632536	25635799
NM_133835	Ubac1	25852477	25877280
NM_001037098	Nacc2	25911055	25947916
NM_001256522	C330006A16Rik	25992326	25995063
NM_001256521	C330006A16Rik	25992327	25996026
NM_010711	Lhx3	26055731	26063769
NM_001039653	Lhx3	26055731	26062095
NM_026828	Dnlz	26203637	26207630
NM_153410	Gpsm1	26171052	26203757
NM_001199147	Gpsm1	26175289	26203757
NM_001199146	Gpsm1	26171052	26203757
NM_001139504	Dnlz	26203637	26207630
NM_001139503	Dnlz	26203637	26207630
NM_001290419	Snapc4	26218284	26236173
NM_026563	Sdccag3	26238319	26244836
NM_001085408	Sdccag3	26238319	26244836
NM_001085407	Sdccag3	26238319	26244836
NM_001290437	Inpp5e	26251768	26264647
NM_153125	Sec16a	26264950	26300736
NM_033134	Inpp5e	26251768	26264739
NM_172339	Snapc4	26218284	26236173
NM_026212	Agpat2	26448576	26459937
NM_178444	Egfl7	26436575	26448202
NM_001164564	Egfl7	26442149	26448202
NM_198725	Egfl7	26439383	26448202
NM_198724	Egfl7	26439383	26448202
NM_019833	Fam69b	26483976	26492017
NM_001290444	Abo	26698022	26720515
NM_030718	Abo	26698022	26720515
NM_011512	Surf4	26775560	26789031
NM_001271724	Surf1	26768897	26772050
NM_001001322	Adamts13	26828935	26865145
NM_013677	Surf1	26768897	26772050
NM_011513	Med22	26760786	26766162
NM_001290463	Adamts13	26828935	26865145
NM_001290464	Adamts13	26828935	26854100
NM_001290465	Adamts13	26828935	26854100
NM_001033908	Med22	26760786	26766162
NM_207234	Rexo4	26809082	26819906
NM_198628	Stkld1	26789588	26809016
NM_172659	Slc2a6	26876884	26883518
NM_001177627	Slc2a6	26876886	26883518
NM_025376	Tmem8c	26917155	26927681
NM_001159602	Tmem8c	26917155	26923388
NM_175427	Fam163b	26965898	26997997
NM_138942	Dbh	27021026	27038724
NM_138665	Sardh	27043912	27102823
NM_001113573	Brd3	27301100	27331193
NM_023336	Brd3	27301100	27330918
NM_001113574	Brd3	27301100	27331193
NM_080848	Wdr5	27370666	27392055
NM_001290482	Rxra	27566102	27618839
NM_011305	Rxra	27532720	27618839
NM_001290481	Rxra	27564811	27618839
NM_001038612	Olfm1	28061208	28069951
NM_019498	Olfm1	28061208	28086256
NM_139197	Gbgt1	28352410	28360935
NM_001145835	Ralgds	28388983	28408602
NM_001145834	Ralgds	28368686	28408602
NM_080452	Mrps2	28323585	28326697
NM_001145836	Ralgds	28388983	28408602
NM_001290484	Gtf3c5	28421764	28438799
NM_001166031	Mrps2	28323585	28326697
NM_009058	Ralgds	28368686	28408602
NM_009885	Cel	28411339	28418923
NM_148928	Gtf3c5	28421764	28438799
NM_022887	Tsc1	28496752	28546692
NM_001289576	Tsc1	28496752	28546692
NM_001160406	Gfi1b	28464969	28477502
NM_008114	Gfi1b	28464969	28477502
NM_001289575	Tsc1	28496752	28546692
NM_001166033	Gtf3c4	28677819	28695880
NM_172977	Gtf3c4	28677819	28695880
NM_001164186	Barhl1	28763199	28771960
NM_019446	Barhl1	28763199	28771941
NM_009442	Ttf1	28915782	28943170
NM_198033	Setx	28980511	29037991
NM_001290495	Trub2	29630203	29643191
NM_145520	Trub2	29630203	29643191
NM_001290496	Trub2	29630203	29643191
NM_207298	Cercam	29725013	29738360
NM_028923	Gle1	29790928	29814952
NM_001008498	Wdr34	29887077	29904399
NM_001290503	Zer1	29952802	29980131
NM_001204875	Set	29921993	29928097
NM_001037762	Zdhhc12	29946463	29949155
NM_025428	Zdhhc12	29946463	29949155
NM_023871	Set	29917515	29928097
NM_178694	Zer1	29952802	29980131
NM_172267	Phyhd1	30121722	30137669
NM_177648	Dolk	30139748	30141874
NM_001281829	Phyhd1	30122240	30137669
NM_001252571	Phyhd1	30122338	30137669
NM_177725	Lrrc8a	30093288	30119310
NM_001252570	Phyhd1	30122338	30137669
NM_001252568	Phyhd1	30121722	30137669
NM_172660	D2Wsu81e	30028966	30033979
NM_139302	Sh3glb2	30200296	30214836
NM_001290509	Dolpp1	30247773	30256049
NM_020329	Dolpp1	30247773	30256049
NM_001290508	Dolpp1	30247773	30256049
NM_007760	Crat	30255995	30271268
NM_001242407	Fam73b	30219752	30241039
NM_175392	Fam73b	30219854	30241039
NM_001289709	Sh3glb2	30200296	30214836
NM_001289710	Sh3glb2	30200296	30214836
NM_030137	Cstad	30450563	30464465
NM_198000	1700001O22Rik	30651082	30657257
NM_133346	Asb6	30678617	30683820
NM_022415	Ptges	30744990	30758817
NM_009116	Prrx2	30700886	30736767
NM_028846	Usp20	30837798	30878175
NM_133673	Tor1b	30808520	30814535
NM_144885	BC005624	30828352	30837461
NM_144884	Tor1a	30816080	30823438
NM_001123362	Prdm12	31495556	31511315
NM_001283045	Abl1	31615692	31659882
NM_009594	Abl1	31615458	31659882
NM_178887	Fibcd1	31668809	31701525
NM_001159634	Prrc2b	32006667	32090057
NM_172661	Prrc2b	32006667	32090057
NM_001252538	Ciz1	32218529	32233833
NM_001290552	Swi5	32134324	32143589
NM_198001	1110008P14Rik	32234620	32237435
NM_001252537	Ciz1	32218717	32233833
NM_028412	Ciz1	32218717	32233833
NM_001080968	Golga2	32143772	32163441
NM_133852	Golga2	32143772	32163441
NM_001252536	Ciz1	32218529	32233833
NM_001252534	Ciz1	32218717	32233833
NM_175190	Swi5	32134324	32143589
NM_146118	Slc25a25	32270006	32306990
NM_001290558	Slc25a25	32270006	32279586
NM_001164358	Slc25a25	32270006	32286671
NM_001164357	Slc25a25	32270006	32306990
NM_001289549	St6galnac6	32462504	32476329
NM_001289548	St6galnac6	32462504	32476329
NM_001289547	St6galnac6	32462504	32476329
NM_010073	Dpm2	32426377	32429091
NM_011373	St6galnac4	32442597	32455216
NM_001198792	Ak1	32483909	32490578
NM_001198791	Ak1	32480956	32490578
NM_001198790	Ak1	32477277	32490578
NM_016973	St6galnac6	32462504	32476329
NM_001025310	St6galnac6	32462504	32476329
NM_001025311	St6galnac6	32455228	32476329
NM_001276425	St6galnac4	32442597	32455216
NM_021515	Ak1	32485019	32490578
NM_001290564	Ttc16	32617696	32630859
NM_130860	Cdk9	32561301	32568304
NM_013781	Sh2d3c	32576574	32610527
NM_027529	6330409D20Rik	32588140	32596536
NM_177384	Ttc16	32617696	32631153
NM_001252547	Sh2d3c	32583208	32610527
NM_010236	Fpgs	32538128	32549695
NM_001290567	Ttc16	32617696	32630859
NM_001290566	Ttc16	32617696	32630859
NM_001290563	Ttc16	32612545	32631153
NM_152800	Tor2a	32612753	32617764
NM_009295	Stxbp1	32643126	32702752
NM_001113569	Stxbp1	32643126	32702757
NM_009076	Rpl12	32817231	32819565
NM_199302	Lrsam1	32780734	32816775
NM_001085507	Zbtb34	33261627	33286844
NM_001276332	Zbtb34	33261627	33286844
NM_001025594	Zbtb43	33305807	33324052
NM_027947	Zbtb43	33305807	33324052
NM_145522	Rabepk	34634185	34655432
NM_001163434	Hspa5	34627609	34632049
NM_022310	Hspa5	34627609	34632049
NM_001164772	Fbxw2	34666680	34681755
NM_001164770	Fbxw2	34659883	34681755
NM_001164769	Fbxw2	34661772	34681755
NM_001164768	Fbxw2	34659883	34678701
NM_013890	Fbxw2	34659883	34681755
NM_080554	Psmd5	34707608	34726482
NM_009421	Traf1	34798777	34817292
NM_001243103	AI182371	34937380	34956205
NM_001243102	AI182371	34937380	34956205
NM_178885	AI182371	34939565	34956205
NM_026697	Rab14	35035724	35056640
NM_029463	4930568D16Rik	35209737	35223249
NM_146120	Gsn	35137899	35163422
NM_001272040	4930402F06Rik	35231081	35252694
NM_001080709	4930402F06Rik	35231081	35252694
NM_001290640	Dab2ip	35547513	35586514
NM_001290639	Dab2ip	35552251	35586514
NM_001001602	Dab2ip	35547513	35586514
NM_001083126	Lhx6	35937472	35959580
NM_001083125	Lhx6	35937472	35960928
NM_008500	Lhx6	35937472	35960928
NM_001159635	Rbm18	35971598	35992224
NM_026434	Rbm18	35971598	35992224
NM_001083127	Lhx6	35937472	35959580
NM_026176	Pdcl	37205593	37214852
NM_001100591	Rc3h2	37225590	37278423
NM_001290642	Rc3h2	37225590	37278423
NM_146253	Zbtb6	37281019	37286439
NM_001163566	Crb2	37631768	37654623
NM_001290646	Lhx2	38194800	38225257
NM_010710	Lhx2	38206827	38225257
NM_001159549	Nr6a1	38578893	38640035
NM_139051	Nr5a1	38548179	38570062
NM_001159548	Nr6a1	38578893	38640035
NM_001316687	Nr5a1	38548175	38567754
NM_029687	Wdr38	38853828	38857104
NM_001290649	Golga1	38871675	38921061
NM_029793	Golga1	38871675	38921061
NM_001289594	Kynu	43410844	43492278
NM_007396	Acvr2a	48669628	48758784
NM_001177313	Orc4	48787266	48804787
NM_172663	Epc2	49307005	49407129
NM_019401	Nmi	51804018	51828728
NM_001141982	Rbm43	51779968	51790164
NM_001141948	Nmi	51804018	51828728
NM_030243	Rbm43	51779968	51790529
NM_001141949	Nmi	51804018	51828728
NM_001141981	Rbm43	51779968	51790529
NM_175238	Rif1	51928356	51977901
NM_022989	Arl6ip6	53051117	53078255
NM_023396	Rprm	53936503	53937963
NM_001139509	Nr4a2	56959636	56976414
NM_013613	Nr4a2	56959636	56967449
NM_172855	Galnt5	57850565	57891582
NM_139200	Cytip	57981549	58012533
NM_001033369	Acvr1c	58119863	58177218
NM_001289659	Upp2	58607594	58643653
NM_029692	Upp2	58607594	58643653
NM_029723	Dapl1	59322709	59343078
NM_001159636	Wdsub1	59693250	59720663
NM_028118	Wdsub1	59690421	59720663
NM_001290660	Cd302	60090049	60122541
NM_025422	Cd302	60090049	60122541
NM_021359	Itgb6	60436348	60511750
NM_001159543	Dpp4	62171279	62250288
NM_010074	Dpp4	62168129	62250288
NM_001164477	Ifih1	62433849	62484312
NM_027835	Ifih1	62433849	62484312
NM_177074	Slc38a11	65154689	65202083
NM_001033477	Gm1322	67011890	67024269
NM_020283	B3galt1	67942728	67960939
NM_177651	4933409G03Rik	68420469	68454520
NM_181547	Nostrin	68973856	69027386
NM_029280	Mettl5	69709251	69723672
NM_001110145	Ssb	69699618	69709903
NM_009278	Ssb	69699618	69709903
NM_177784	Klhl23	69660426	69674708
NM_025744	Erich2	70346875	70378941
NM_028593	Cybrd1	70956110	70980983
NM_010064	Dync1i2	71050002	71101359
NM_001198877	Dync1i2	71050002	71101359
NM_001198874	Dync1i2	71049762	71101359
NM_001198876	Dync1i2	71049762	71101359
NM_001198875	Dync1i2	71049762	71101359
NM_001198873	Dync1i2	71049762	71101359
NM_001198872	Dync1i2	71049762	71101359
NM_001198878	Dync1i2	71050002	71101359
NM_010054	Dlx2	71381464	71384811
NM_172665	Pdk1	71711280	71741915
NM_001005343	Sp9	73109982	73113828
NM_029022	Scrn3	73150708	73175864
NM_001190297	Gpr155	73179562	73224537
NM_001276444	Gpr155	73179562	73224537
NM_001276443	Gpr155	73179562	73224537
NM_175752	Chn1	73448716	73498480
NM_001166604	Chn1	73448716	73498480
NM_029716	Chn1	73448716	73463797
NM_001284371	Atf2	73664403	73730696
NM_001284370	Atf2	73664403	73730696
NM_001110209	Lnp	74352893	74417005
NM_027133	Lnp	74352893	74417005
NM_001290731	Hoxd8	74542671	74545989
NM_008276	Hoxd8	74543545	74545989
NM_008275	Hoxd13	74506366	74509656
NM_008274	Hoxd12	74513069	74515762
NM_008273	Hoxd11	74520379	74525073
NM_010469	Hoxd4	74560034	74567216
NM_013555	Hoxd9	74535819	74538265
NM_013554	Hoxd10	74529947	74533163
NM_001290730	Hoxd8	74543545	74545989
NM_010467	Hoxd1	74601036	74603199
NM_030188	Ttc30a1	75817162	75820024
NM_028235	Ttc30b	75773906	75776519
NM_009989	Cyct	76191998	76198510
NM_153405	Rbm45	76208040	76221824
NM_001290735	Osbpl6	76337062	76379587
NM_010222	Fkbp7	76501090	76511155
NM_031256	Plekha3	76513371	76535392
NM_001080711	Dfnb59	76488329	76496611
NM_030560	Cwc22	77733709	77784413
NM_001290740	Cwc22	77733709	77784413
NM_172667	Cwc22	77733709	77784413
NM_001048176	Cerkl	79172647	79269145
NM_080558	Ssfa2	79475581	79513121
NM_024181	Dnajc10	80155622	80194212
NM_177256	Prdx6b	80132626	80135515
NM_027091	Nup35	80478968	80500228
NM_001190179	Nup35	80479420	80500228
NM_018782	Calcrl	84170782	84265423
NM_001177320	Tfpi	84280879	84316932
NM_001177319	Tfpi	84280879	84316916
NM_001145100	Btbd18	84499235	84508938
NM_001085453	Ctnnd1	84440937	84490667
NM_025868	Tmx2	84511467	84518985
NM_001085448	Ctnnd1	84440937	84490897
NM_007615	Ctnnd1	84440937	84490897
NM_001085450	Ctnnd1	84440937	84490897
NM_001085449	Ctnnd1	84440937	84490897
NM_025885	Med19	84518558	84528372
NM_001290751	Tmx2	84511467	84518331
NM_013899	Timm10	84667177	84670370
NM_019949	Ube2l6	84638984	84650160
NM_009776	Serping1	84605516	84615586
NM_021398	Slc43a3	84776802	84798666
NM_001081349	Slc43a1	84679564	84703743
NM_001083809	Slc43a1	84680782	84703743
NM_024497	Slc43a1	84680479	84703743
NM_001081260	Tnks1bp1	84890616	84913205
NM_145526	P2rx3	84836708	84875991
NM_001136081	Ssrp1	84877607	84887271
NM_182990	Ssrp1	84877276	84887271
NM_001033346	Lrrc55	85028227	85036856
NM_011784	Aplnr	84976516	84980080
NM_146437	Olfr996	85419371	85420439
NM_146436	Olfr998	85430666	85431678
NM_013728	Olfr154	85503533	85504612
NM_146570	Olfr1006	85514367	85518898
NM_146572	Olfr1009	85561563	85562508
NM_146573	Olfr1002	85487519	85488476
NM_207149	Olfr1010	85593519	85594463
NM_146571	Olfr1015	85625630	85626646
NM_146568	Olfr1012	85599595	85600531
NM_146569	Olfr1014	85616742	85617660
NM_146589	Olfr1022	85708750	85709698
NM_146586	Olfr1018	85663129	85664065
NM_147015	Olfr1019	85681013	85681946
NM_146580	Olfr1020	85689576	85690655
NM_146762	Olfr1013	85609959	85610877
NM_001011758	Olfr1016	85639495	85640425
NM_146579	Olfr1032	85847934	85848867
NM_146587	Olfr1023	85726958	85727894
NM_146584	Olfr1026	85763426	85764350
NM_001011852	Olfr1029	85815369	85816430
NM_001005230	Olfr1024	85744225	85745209
NM_001011774	Olfr1028	85791221	85792196
NM_001011759	Olfr1031	85831975	85832986
NM_146588	Olfr1030	85819468	85824955
NM_207142	Olfr1036	85914860	85915875
NM_147013	Olfr1038-ps	85960380	85963194
NM_001011784	Olfr1039	85970858	85971818
NM_001011532	Olfr1037	85924886	85926011
NM_001011872	Olfr1034	85886600	85887623
NM_146582	Olfr1046	86056914	86057865
NM_001011777	Olfr1042	85999501	86000598
NM_146577	Olfr1043	86002159	86003104
NM_146583	Olfr52	86021306	86022266
NM_147017	Olfr1045	86037959	86038907
NM_147016	Olfr1049	86094921	86095848
NM_207561	Olfr1040	85985947	85986889
NM_001177857	Olfr1053	86154499	86155442
NM_001310551	Olfr1055	86186880	86187921
NM_146391	Olfr1058	86225622	86226573
NM_147018	Olfr1056	86195515	86196594
NM_147021	Olfr1055	86186982	86187921
NM_207563	Olfr1057	86214619	86215567
NM_207562	Olfr1051	86115715	86116642
NM_147010	Olfr1052	86137974	86138913
NM_146406	Olfr1076	86348617	86349559
NM_146405	Olfr228	86322955	86323897
NM_147078	Olfr1062	86262875	86263831
NM_146408	Olfr1065	86285169	86286161
NM_001011735	Olfr1066	86295484	86296426
NM_207135	Olfr1084	86478921	86479875
NM_146590	Olfr1085	86497671	86498613
NM_207674	Olfr1082	86434041	86438966
NM_146409	Olfr1080	86393337	86398295
NM_146846	Olfr1087	86530188	86531130
NM_001011771	Olfr1089	86572831	86573767
NM_181818	Olfr141	86646177	86647154
NM_146730	Olfr1095	86690926	86691853
NM_146843	Olfr1097	86730382	86732320
NM_146845	Olfr1098	86762739	86763687
NM_146365	Olfr1094	86668832	86669979
NM_146767	Olfr1104	86861766	86862699
NM_146591	Olfr1101	86828398	86829331
NM_207154	Olfr1102	86842088	86843151
NM_146752	Olfr1106	86888452	86889391
NM_146770	Olfr259	86947603	86948542
NM_146593	Olfr1111	86989876	86990816
NM_146766	Olfr1109	86932613	86933552
NM_146844	Olfr1107	86911272	86912380
NM_146297	Olfr1115	87091996	87093098
NM_146661	Olfr1112	87031845	87032802
NM_207632	Olfr1118	87148920	87149916
NM_146350	Olfr1123	87258206	87259178
NM_146348	Olfr1121	87211690	87212635
NM_146837	Olfr1126	87297323	87298268
NM_146349	Olfr1128	87384763	87385699
NM_001011836	Olfr1129	87415242	87416187
NM_146351	Olfr1133	87485336	87486278
NM_146659	Olfr1136	87533037	87534104
NM_147030	Olfr1134	87496081	87498614
NM_146658	Olfr1131	87468621	87469551
NM_146838	Olfr1130	87446368	87448491
NM_146642	Olfr1140	87586317	87587337
NM_146646	Olfr152	87622692	87623643
NM_146293	Olfr1143	87642547	87643492
NM_146320	Olfr1145	87649978	87650956
NM_146849	Olfr1157	87802108	87808414
NM_146817	Olfr1156	87789346	87790422
NM_054091	Olfr74	87813863	87814820
NM_146640	Olfr1153	87736333	87737290
NM_146647	Olfr1154	87742898	87743831
NM_146643	Olfr1155	87782838	87783783
NM_146644	Olfr1163	87910521	87911564
NM_146641	Olfr1164	87933011	87934123
NM_146848	Olfr1161	87864858	87865870
NM_146645	Olfr1158	87830269	87831211
NM_146649	Olfr1160	87845973	87846933
NM_146531	Olfr1168	88025035	88025974
NM_146294	Olfr1167	87989140	87990240
NM_146529	Olfr1183	88301498	88302410
NM_146918	Olfr1180	88251783	88252846
NM_146917	Olfr1179	88242165	88243089
NM_001011535	Olfr1182	88286175	88289278
NM_146530	Olfr1186	88365657	88366747
NM_146772	Olfr1189	88431962	88432883
NM_146919	Olfr1188	88399607	88400575
NM_146464	Olfr1196	88540539	88541484
NM_146753	Olfr1195	88522960	88523887
NM_001011517	Olfr1193	88518013	88518970
NM_146463	Olfr1204	88692108	88693038
NM_146896	Olfr1205	88669913	88672199
NM_001005227	Olfr1200	88607459	88608470
NM_001001810	Olfr1206	88704763	88705687
NM_146897	Olfr1214	88827421	88828357
NM_146898	Olfr1213	88813110	88820424
NM_146901	Olfr1217	88863151	88864256
NM_146461	Olfr1209	88749615	88750548
NM_146459	Olfr1215	88841504	88842447
NM_146893	Olfr1216	88853283	88854219
NM_146818	Olfr1218	88894645	88895581
NM_146900	Olfr1220	88937094	88938120
NM_146899	Olfr1219	88914310	88915246
NM_146892	Olfr1223	88984242	88991493
NM_146902	Olfr1221	88951731	88952667
NM_146891	Olfr1225	89010375	89011402
NM_146973	Olfr1234	89202639	89203584
NM_146454	Olfr1231	89142805	89143747
NM_146968	Olfr1242	89333450	89334503
NM_146808	Olfr1240	89279426	89280500
NM_146791	Olfr1248	89457324	89458402
NM_146788	Olfr1245	89414868	89415930
NM_146792	Olfr1246	89430225	89431303
NM_146966	Olfr1247	89449245	89450310
NM_001011796	Olfr1249	89470096	89471053
NM_146373	Olfr1253	89592026	89592983
NM_146977	Olfr1255	89656484	89657417
NM_010980	Olfr32	89978336	89982450
NM_146985	Olfr1270	89989175	89990193
NM_146975	Olfr1273-ps	90136092	90137016
NM_001270423	Gm13769	90061723	90064628
NM_001270423	Gm13769	90162378	90165283
NM_146265	Olfr1506	90162378	90165283
NM_146265	Olfr1506	90061723	90064628
NM_146263	Olfr1274-ps	90240796	90241831
NM_025576	Ptpmt1	90750869	90758207
NM_026161	C1qtnf4	90725942	90730683
NM_001311116	Kbtbd4	90744896	90750718
NM_009023	Rapsn	90875783	90885886
NM_026721	Slc39a13	90901937	90910472
NM_008948	Psmc3	90894172	90899595
NM_001290765	Slc39a13	90901937	90910472
NM_028119	Ddb2	91051738	91077223
NM_007387	Acp2	91043068	91054255
NM_013839	Nr1h3	91024217	91035192
NM_145527	Madd	90977516	91023204
NM_001177719	Madd	90977516	91023204
NM_001177730	Nr1h3	91024217	91035273
NM_001177720	Madd	90977516	91019478
NM_030880	Pacsin3	91096969	91104837
NM_001289678	Pacsin3	91096969	91104837
NM_001289677	Pacsin3	91096321	91104837
NM_028733	Pacsin3	91097485	91104837
NM_001145857	Lrp4	91297687	91319444
NM_172668	Lrp4	91297687	91354058
NM_029437	Ckap5	91386478	91460822
NM_001165989	Ckap5	91386478	91460822
NM_001145902	Arhgap1	91490274	91512477
NM_146124	Arhgap1	91493364	91512477
NM_145528	Atg13	91514768	91550749
NM_007699	Chrm4	91762345	91769986
NM_138306	Dgkz	91772978	91803720
NM_001166597	Dgkz	91772983	91790505
NM_011957	Creb3l1	91822484	91864327
NM_001202446	Mapk8ip1	92223832	92232840
NM_001202445	Mapk8ip1	92223832	92232840
NM_145122	Pex16	92215395	92221377
NM_001166633	Gyltl1b	92205202	92211214
NM_011162	Mapk8ip1	92223832	92241420
NM_183112	1700029I15Rik	92223074	92223760
NM_009963	Cry2	92243803	92274226
NM_001290773	Gyltl1b	92205202	92211214
NM_001290775	Gyltl1b	92205202	92211214
NM_001290774	Gyltl1b	92205202	92211214
NM_172670	Gyltl1b	92205202	92211214
NM_145832	Slc35c1	92292921	92300675
NM_211358	Slc35c1	92292921	92299951
NM_023850	Chst1	92439863	92455409
NM_001271432	Cd82	93259258	93302659
NM_001271431	Cd82	93259258	93303107
NM_001271430	Cd82	93259258	93302659
NM_001271462	Cd82	93259258	93292829
NM_001271461	Cd82	93259258	93302008
NM_007656	Cd82	93259258	93302659
NM_001136055	Cd82	93259258	93303107
NM_007442	Alx4	93482590	93521496
NM_183220	Accs	93673623	93689956
NM_001033452	Accsl	93695516	93709314
NM_001290782	Accs	93673623	93690100
NM_001145034	Gm13889	93795966	93797257
NM_001305258	Api5	94251883	94278343
NM_007466	Api5	94251883	94278343
NM_009019	Rag1	101478410	101489689
NM_173749	Pamr1	102390177	102483197
NM_009851	Cd44	102651299	102741822
NM_001177785	Cd44	102651299	102741822
NM_001177787	Cd44	102651299	102741822
NM_001177786	Cd44	102651299	102741822
NM_001039151	Cd44	102651299	102741822
NM_001039150	Cd44	102651299	102741822
NM_019735	Apip	102913831	102932806
NM_007914	Ehf	103103589	103143353
NM_009804	Cat	103294060	103325310
NM_001111292	Caprin1	103607263	103637235
NM_001111291	Caprin1	103607263	103637797
NM_016739	Caprin1	103603101	103637797
NM_001111290	Caprin1	103603101	103637235
NM_001111289	Caprin1	103603101	103637235
NM_020593	Fbxo3	103867955	103895284
NM_008505	Lmo2	103810443	103822035
NM_001142336	Lmo2	103809713	103822035
NM_001142335	Lmo2	103810443	103822035
NM_212433	Fbxo3	103867955	103903394
NM_001037326	Cstf3	104430640	104449586
NM_177253	Cstf3	104430640	104451563
NM_178695	Prrg4	104670897	104690007
NM_009037	Rcn1	105226104	105239476
NM_026992	Dnajc24	105806864	105843706
NM_001025102	Arl14ep	106802685	106814554
NM_173750	Arl14ep	106802685	106810548
NM_021275	Kcna4	107130745	107138661
NM_026613	Ccdc34	109857973	109885482
NM_130452	Bbox1	110105239	110145882
NM_001003915	Slc5a12	110437455	110489502
NM_001177624	Slc5a12	110437455	110489502
NM_172979	Muc15	110561650	110579694
NM_001290786	Muc15	110561650	110579694
NM_026248	4930430A15Rik	111033410	111069757
NM_146907	Olfr1282	111175315	111176233
NM_001278788	Olfr1290	111329374	111333625
NM_146400	Olfr1288	111318942	111319881
NM_146262	Olfr1290	111329374	111333972
NM_001278787	Olfr1290	111329374	111333972
NM_146884	Olfr1299	111501609	111505323
NM_146889	Olfr1302	111620469	111621417
NM_146402	Olfr1303	111653942	111654881
NM_146401	Olfr1305	111713071	111714010
NM_001011803	Olfr1306	111752146	111753085
NM_146450	Olfr1314	111931917	111932856
NM_001011802	Olfr1318	111996054	111997164
NM_025403	Nop10	112102082	112103055
NM_207206	Lpcat4	112079997	112087268
NM_205783	Chrm5	112319228	112320974
NM_029232	Tmco5b	113125888	113137347
NM_011824	Grem1	113588831	113598805
NM_001287818	Fmn1	113525246	113556924
NM_001287817	Fmn1	113525246	113556924
NM_181416	Arhgap11a	113671649	113688818
NM_009608	Actc1	113873019	113878611
NM_175466	Zfp770	114019196	114027168
NM_001290788	Aqr	113930897	114001075
NM_009702	Aqr	113926896	114001075
NM_026104	Tmco5	116704426	116718236
NM_026620	Fam98b	117075474	117097276
NM_027759	Fsip1	118030623	118082702
NM_201367	Gpr176	118102833	118199155
NM_009273	Srp14	118301578	118305432
NM_009773	Bub1b	118423946	118467328
NM_001033254	Pak6	118489312	118523756
NM_001001982	A430105I19Rik	118579880	118588397
NM_177568	Plcb2	118533252	118554174
NM_001145854	Pak6	118502981	118523756
NM_001290790	Plcb2	118533252	118554174
NM_001301269	Inafm2	118571493	118574546
NM_001045523	Bahd1	118727350	118750260
NM_026412	Knstrn	118639738	118661948
NM_173450	Rpusd2	118860525	118867933
NM_028117	Chst14	118752232	118754319
NM_199310	Ccdc32	118843514	118855129
NM_001039223	Gm14137	119000244	119003311
NM_001033136	Rmdn3	118962733	118982770
NM_028054	Zfyve19	119034455	119042786
NM_172269	Vps18	119114477	119124189
NM_001164827	Zfyve19	119034455	119042786
NM_016907	Spint1	119063095	119075249
NM_028104	Ppp1r14d	119043854	119055601
NM_145530	Rhov	119094936	119096962
NM_001290796	Ppp1r14d	119043854	119055601
NM_026929	Chac1	119176977	119180062
NM_019454	Dll4	119151519	119161402
NM_001042652	Nusap1	119444033	119475896
NM_001042653	Oip5	119435267	119444241
NM_133851	Nusap1	119444033	119475896
NM_019392	Tyro3	119625249	119643839
NM_177294	Rpap1	119589694	119613273
NM_001163701	Rpap1	119589694	119613273
NM_001290800	Tyro3	119623475	119643839
NM_001164274	Mga	119722963	119795317
NM_013720	Mga	119722963	119795317
NM_001114637	Jmjd7	119853218	119858340
NM_145378	Pla2g4b	119859168	119868768
NM_001024145	Pla2g4f	120125692	120139901
NM_178851	Vps39	120142196	120178869
NM_147153	Vps39	120142196	120178869
NM_172672	Ganc	120229631	120286588
NM_001159612	Lrrc57	120429973	120435094
NM_001159610	Lrrc57	120429973	120435244
NM_001159609	Lrrc57	120429973	120435244
NM_001177793	Snap23	120393406	120426458
NM_009222	Snap23	120393406	120426458
NM_001290808	Haus2	120435117	120447295
NM_001290807	Haus2	120435330	120447295
NM_001177792	Snap23	120393406	120426458
NM_025657	Lrrc57	120429973	120435051
NM_011743	Zfp106	120332565	120389567
NM_025475	Haus2	120435117	120447295
NM_026891	Cdan1	120541889	120557253
NM_010761	Ccndbp1	120834143	120842648
NM_177846	Lcmt2	120963027	120966434
NM_001290820	Zscan29	120991374	120996861
NM_001290819	Zscan29	120984008	120996861
NM_001290824	Tubgcp4	120996903	121024506
NM_013735	Trp53bp1	121020570	121097143
NM_001290830	Trp53bp1	121020570	121097143
NM_153387	Tubgcp4	120996903	121024506
NM_001173506	Map1a	121121189	121136568
NM_178795	Ppip5k1	121136296	121176749
NM_080459	Strc	121189462	121206676
NM_032393	Map1a	121115337	121136568
NM_153075	Catsper2	121220090	121239528
NM_001290987	Wdr76	121332458	121370595
NM_001290986	Wdr76	121332458	121370595
NM_011354	Serf2	121274933	121279156
NM_001025371	Serinc4	121276912	121282500
NM_030234	Wdr76	121332458	121370595
NM_026318	Hypk	121282823	121284176
NM_001290837	Serf2	121274933	121279156
NM_001205371	Casc4	121693440	121761943
NM_001205370	Casc4	121692705	121761943
NM_001205369	Casc4	121692705	121761943
NM_199038	Casc4	121692705	121761943
NM_177054	Casc4	121692705	121761943
NM_144545	Eif3j1	121854315	121879368
NM_001290992	Ctdspl2	121781736	121841062
NM_001256055	Eif3j2	121854318	121879367
NM_001290991	Ctdspl2	121781736	121841062
NM_212450	Ctdspl2	121781736	121841062
NM_080510	Trim69	121986435	122004763
NM_026251	Patl2	121945843	122011925
NM_009735	B2m	121973422	121978818
NM_001305262	Duoxa1	122129284	122139466
NM_001013829	Shf	122174627	122194654
NM_001085518	Gm14085	122310676	122353776
NM_001290993	Slc30a4	122506968	122528399
NM_011774	Slc30a4	122506968	122528399
NM_001162503	Sqrdl	122591094	122635287
NM_019788	Bloc1s6	122564240	122575223
NM_021507	Sqrdl	122607734	122635287
NM_199241	Sema6d	124479316	124493525
NM_199239	Sema6d	124479316	124493525
NM_199240	Sema6d	124479316	124493525
NM_199238	Sema6d	124436031	124493525
NM_172537	Sema6d	124436031	124493525
NM_001291000	Sema6d	124436031	124493525
NM_010852	Myef2	124913477	124949396
NM_001162418	Myef2	124913477	124949396
NM_001162417	Myef2	124912006	124949396
NM_001162934	Ctxn2	124962427	124973577
NM_023595	Dut	125073250	125084785
NM_001159646	Dut	125072983	125084785
NM_025613	Eid1	125498835	125501378
NM_199022	Shc4	125453182	125549884
NM_009939	Cops2	125656037	125684818
NM_001285513	Cops2	125656037	125684818
NM_001285512	Cops2	125656037	125684818
NM_001285507	Cops2	125656037	125684818
NM_008008	Fgf7	125860393	125916921
NM_026981	Dtwd1	125977876	125991013
NM_008230	Hdc	126419395	126444414
NM_011978	Slc27a2	126378759	126413979
NM_029163	Usp50	126586785	126609196
NM_001252580	Usp8	126533063	126585050
NM_019729	Usp8	126533063	126585050
NM_001164325	Trpm7	126617293	126701997
NM_021450	Trpm7	126617293	126701997
NM_026678	Blvra	126896392	126922820
NM_001163528	Itpripl1	126964504	126968326
NM_144818	Ncaph	126929545	126959690
NM_001163527	Itpripl1	126964504	126969193
NM_025296	Ciao1	127066673	127073552
NM_139308	Stard7	127095964	127124670
NM_009633	Adra2b	127189021	127192957
NM_010090	Dusp2	127161894	127164113
NM_172539	Astl	127164374	127183391
NM_001081089	Gpat2	127250934	127261828
NM_029629	Fahd2a	127261950	127270301
NM_001291003	Astl	127167371	127183391
NM_138750	Prom2	127352688	127367153
NM_001111331	Kcnip3	127282233	127308235
NM_019789	Kcnip3	127282233	127347128
NM_001291005	Kcnip3	127282233	127347128
NM_178047	Prom2	127352688	127367153
NM_016902	Nphp1	127566467	127614627
NM_001291013	Nphp1	127566467	127614627
NM_001113179	Bub1	127625935	127657595
NM_009772	Bub1	127625935	127657595
NM_001291012	Nphp1	127566467	127614627
NM_001284410	Bcl2l11	127953310	127957234
NM_009754	Bcl2l11	127951773	127988283
NM_207681	Bcl2l11	127951773	127988283
NM_207680	Bcl2l11	127951773	127988283
NM_001291016	Bcl2l11	127951773	127957234
NM_001310641	Spdye4c	128418076	128422579
NM_028248	Tmem87b	128644038	128679997
NM_020594	Zc3h8	128752003	128769756
NM_025395	Chchd5	128955435	128959847
NM_027192	Ttl	128891682	128922019
NM_009086	Polr1b	128926731	128952331
NM_015747	Slc20a1	129024508	129037348
NM_001159593	Slc20a1	129024508	129030840
NM_010554	Il1a	129125345	129135708
NM_177653	F830045P16Rik	129284094	129362338
NM_001291022	Sirpa	129418904	129457964
NM_001291021	Sirpa	129418904	129457964
NM_001291020	Sirpa	129418574	129457964
NM_001291019	Sirpa	129418904	129457964
NM_007547	Sirpa	129418904	129457964
NM_001177647	Sirpa	129418904	129457964
NM_009374	Tgm3	129838075	129876135
NM_001289749	Tgm6	129949010	129979968
NM_001289747	Tgm6	129949010	129979968
NM_009225	Snrpb	129997371	130005100
NM_177726	Tgm6	129949010	129979968
NM_001289748	Tgm6	129938151	129979968
NM_130884	Idh3b	130105044	130110187
NM_024193	Nop56	130100147	130105049
NM_178762	Pced1a	130243419	130250024
NM_001163483	1700020A23Rik	130231031	130231810
NM_019696	Cpxm1	130216510	130223365
NM_029375	1700020A23Rik	130230994	130231810
NM_030559	Vps16	130250055	130270005
NM_001114541	Pced1a	130243419	130250377
NM_001146084	Fastkd5	130439573	130455763
NM_198176	Fastkd5	130439573	130455763
NM_001291028	Lzts3	130458500	130468580
NM_001291027	Lzts3	130458500	130468580
NM_197945	Lzts3	130458500	130468580
NM_033615	Adam33	130876552	130889550
NM_001136063	Gfra4	130865367	130868824
NM_011426	Siglec1	130894955	130912501
NM_020014	Gfra4	130865367	130868418
NM_001163529	Adam33	130876552	130889550
NM_001271002	Gfra4	130865367	130868418
NM_001271001	Gfra4	130865367	130868824
NM_023117	Cdc25b	131012683	131024247
NM_001111075	Cdc25b	131012683	131024247
NM_027129	Ap5s1	131036095	131039250
NM_001291032	Ap5s1	131036095	131039250
NM_001291031	Ap5s1	131036095	131039250
NM_027641	Spef1	130995996	131000546
NM_001311138	1700037H04Rik	130972050	130985817
NM_153501	Pank2	131088235	131124924
NM_178607	Rnf24	131124223	131178628
NM_013460	Adra1d	131371092	131388021
NM_001166206	Erv3	131679413	131685483
NM_001126338	Prnd	131776596	131781867
NM_001278259	Prn	131735663	131781867
NM_023043	Prnd	131776596	131781867
NM_175445	Rassf2	131818585	131855724
NM_011170	Prnp	131735663	131764172
NM_001278520	Prnd	131776772	131781867
NM_001278258	Prn	131735663	131781867
NM_001278257	Prnd	131776596	131781867
NM_001278256	Prnp	131735663	131764172
NM_018824	Slc23a2	131878231	131970844
NM_027478	Tmem230	132065227	132073524
NM_001141971	Tmem230	132065227	132073524
NM_144944	Prokr2	132196064	132211183
NM_025646	Crls1	132673469	132692504
NM_001024385	Crls1	132672401	132692504
NM_198029	Fermt1	132729914	132771772
NM_029530	Lamp5	135883662	135895653
NM_013822	Jag1	136907186	136942256
NM_145534	Btbd3	138104228	138113158
NM_001025431	Btbd3	138082319	138113158
NM_001276489	Ism1	139503913	139584317
NM_027093	Ndufaf5	139996381	140030988
NM_178382	Flrt3	140483933	140497212
NM_001172160	Flrt3	140483933	140497212
NM_019771	Dstn	143741066	143769060
NM_001044750	Banf2	143858837	143899715
NM_133626	Rrbp1	143811599	143836999
NM_207275	Banf2	143858837	143899713
NM_001033778	Gm5535	143998885	144015026
NM_001199188	Snx5	144075858	144096638
NM_024225	Snx5	144075858	144096308
NM_028984	Mgme1	144096639	144106963
NM_026924	Ovol2	144130911	144157816
NM_001289631	Mgme1	144096639	144106963
NM_001289630	Mgme1	144096639	144106963
NM_152947	Ovol2	144130911	144157098
NM_181417	Csrp2bp	144194770	144233411
NM_001166640	Csrp2bp	144194767	144233411
NM_019787	Sec23b	144381964	144416489
NM_001252545	Sec23b	144381964	144416489
NM_001252544	Sec23b	144381964	144416489
NM_001252543	Sec23b	144381964	144416489
NM_029763	Polr3f	144353480	144367515
NM_001281816	Sec23b	144390634	144416489
NM_015754	Rbbp9	144368000	144376595
NM_025490	Scp2d1	144649401	144650151
NM_001141965	Naa20	145728976	145742161
NM_026425	Naa20	145728976	145742161
NM_175280	Cfap61	145760519	145789962
NM_016889	Insm1	146047732	146050754
NM_001077632	Nkx2-2	147003281	147012138
NM_010919	Nkx2-2	147008887	147012138
NM_010446	Foxa2	147868612	147872705
NM_001291067	Foxa2	147868612	147871200
NM_001291065	Foxa2	147868612	147871684
NM_009378	Thbd	148230206	148233924
NM_001110159	Nxt1	148498376	148501762
NM_019761	Nxt1	148498350	148501762
NM_028986	Gzf1	148506855	148518685
NM_027054	Cst12	148615096	148619173
NM_029960	9230104L09Rik	148672449	148676670
NM_001145863	Gm14139	150007490	150019015
NM_001142411	Zfp937	150043834	150070610
NM_001142410	Gm14124	150083252	150096036
NM_027017	3300002I08Rik	150136672	150188501
NM_001034900	Zfp345	150296726	150310799
NM_001310645	Zfp442	150228649	150277237
NM_009977	Cst7	150396150	150404680
NM_172117	Entpd6	150574816	150597410
NM_024465	Abhd12	150658250	150730467
NM_027014	Gins1	150735329	150757016
NM_207204	Ninl	150760254	150835134
NM_001163476	Gins1	150735329	150751806
NM_001097977	Gm14151	150912521	150918086
NM_001097977	Gm14151	150923980	150929545
NM_198326	Nsfl1c	151319917	151337046
NM_001291074	Nsfl1c	151319917	151337046
NM_198214	Snph	151416284	151458329
NM_145535	Sdcbp2	151398358	151415741
NM_001276400	Rad21l	151471139	151494269
NM_001291077	Snph	151416284	151458329
NM_001291076	Snph	151416284	151458329
NM_001160363	Tmem74b	151527743	151533046
NM_212446	Psmf1	151541797	151567046
NM_001305244	Psmf1	151541797	151567046
NM_001040689	Rspo4	151668662	151700404
NM_027172	Slc52a3	151822246	151834994
NM_001289150	Fam110a	151795131	151799717
NM_146127	Fam110a	151795131	151805955
NM_001164820	Slc52a3	151825601	151834994
NM_001164819	Slc52a3	151825601	151834994
NM_028666	Fam110a	151795131	151799717
NM_001289151	Fam110a	151795131	151799130
NM_029688	Srxn1	151931259	151937112
NM_001083921	Rbck1	152142069	152158161
NM_019705	Rbck1	152142069	152158375
NM_175093	Trib3	152163160	152169796
NM_007788	Csnk2a1	152052575	152107587
NM_177656	6820408C15Rik	152241322	152270066
NM_001289738	6820408C15Rik	152241322	152270066
NM_001037933	Defb23	152284790	152290356
NM_011438	Sox12	152219347	152223782
NM_175126	Zcchc3	152237691	152240780
NM_001037752	Defb45	152418926	152422221
NM_001001444	Defb29	152364449	152365777
NM_001002791	Defb22	152311401	152315874
NM_001037502	Defb28	152343990	152347183
NM_145157	Defb19	152401821	152406048
NM_207276	Defb21	152398479	152400679
NM_010376	H13	152495196	152534404
NM_010495	Id1	152561986	152563146
NM_001039122	Defb25	152448091	152448789
NM_001159551	H13	152495196	152534404
NM_001159553	H13	152495196	152510882
NM_001159552	H13	152495196	152512443
NM_029064	Ttll9	152788220	152828940
NM_001081044	Mylk2	152737087	152748801
NM_145744	Dusp15	152770668	152777141
NM_001159376	Dusp15	152766730	152777318
NM_198617	Tspyl3	153048105	153051177
NM_008444	Kif3b	153117151	153159125
NM_001001986	Nol4l	153233196	153270215
NM_001195390	Commd7	153442665	153458517
NM_133850	Commd7	153442665	153458517
NM_007896	Mapre1	153567022	153599050
NM_025631	Bpifb2	153700780	153721006
NM_199303	Bpifb6	153726123	153738529
NM_001305048	Sun5	153681923	153696820
NM_029599	Sun5	153681923	153696820
NM_001034875	Bpifb4	153766597	153789588
NM_028528	Bpifa3	153956071	153964095
NM_011126	Bpifa1	153968615	153974953
NM_025990	Bpifa5	153988342	153994182
NM_001291079	Bpifa3	153956071	153964095
NM_144890	Bpifb5	154049477	154066638
NM_001012392	Bpifb1	154016553	154046079
NM_153418	Bpifb1	154026115	154046079
NM_009228	Snta1	154202049	154233820
NM_007891	E2f1	154385135	154395628
NM_021546	Necab3	154370140	154384589
NM_001171640	Actl10	154377511	154379012
NM_001291105	E2f1	154385135	154395162
NM_029362	Chmp4b	154482761	154520519
NM_026030	Eif2s2	154697145	154718642
NM_015770	a	154839305	154876748
NM_016661	Ahcy	154885047	154900233
NM_001243712	Itch	154959216	155052591
NM_008395	Itch	154959216	155052591
NM_025735	Map1lc3a	155102099	155103809
NM_001004721	Pigu	155103987	155183160
NM_025947	Dynlrb1	155062268	155076013
NM_001291108	Dynlrb1	155062343	155076013
NM_001242558	Ncoa6	155216391	155266519
NM_019825	Ncoa6	155216391	155266519
NM_008180	Gss	155388916	155418546
NM_001291111	Gss	155388916	155418546
NM_019828	Trpc4ap	155460012	155518120
NM_145537	Edem2	155527408	155555211
NM_001163452	Trpc4ap	155460012	155518120
NM_011171	Procr	155576952	155581214
NM_010808	Mmp24	155601079	155644102
NM_027788	Fam83c	155654918	155660590
NM_008383	Cep250	155782293	155824636
NM_001130000	Cep250	155782293	155824636
NM_008109	Gdf5	155766760	155771100
NM_001129999	Cep250	155782293	155824636
NM_177217	Cep250	155782293	155824636
NM_170588	Cpne1	155897576	155937701
NM_170590	Cpne1	155897576	155937701
NM_001164217	Romo1	155969888	155971530
NM_001164216	Romo1	155969888	155971530
NM_010911	Nfs1	155949372	155969922
NM_139151	Spag4	155890948	155895235
NM_025946	Romo1	155969968	155971530
NM_027585	Cnbd2	156138208	156201374
NM_020255	Scand1	156137581	156138440
NM_001316755	Cnbd2	156138208	156182838
NM_026661	Aar2	156373311	156394708
NM_001164818	Aar2	156373311	156394708
NM_026124	1110008F13Rik	156688857	156699298
NM_001291124	Tgif2	156665742	156681305
NM_173396	Tgif2	156665742	156681305
NM_025853	Dsn1	156820797	156832811
NM_001139520	Samhd1	156923264	156960958
NM_018851	Samhd1	156923264	156960958
NM_001039557	Mroh8	157034283	157105285
NM_026968	Manbal	157193329	157222499
NM_001291130	Nnat	157385813	157388261
NM_010923	Nnat	157385813	157388261
NM_180960	Nnat	157385813	157388261
NM_001291128	Nnat	157385813	157388261
NM_001291129	Nnat	157385813	157388261
NM_016916	Blcap	157382097	157392097
NM_198627	Vstm2l	157740388	157770455
NM_027434	Rprd1b	157854232	157903943
NM_001291136	Rprd1b	157854232	157903943
NM_001291135	Rprd1b	157854232	157903943
NM_001291134	Rprd1b	157854232	157903943
NM_177657	D630003M21Rik	158021483	158054960
NM_001131021	D630003M21Rik	158008268	158054960
NM_008489	Lbp	158132228	158158588
NM_001291138	Ralgapb	158235588	158324989
NM_145635	Adig	158328347	158333934
NM_001291137	Ralgapb	158235588	158324989
NM_009508	Slc32a1	158436493	158441483
NM_001159662	Ppp1r16b	158492870	158592070
NM_153089	Ppp1r16b	158492468	158592070
NM_001291144	Dhx35	158620542	158683956
NM_145742	Dhx35	158620542	158683956
NM_010658	Mafb	160189412	160192801
NM_009408	Top1	160471632	160548499
NM_001291145	Emilin3	160732173	160738075
NM_001199118	Lpin3	160713903	160731736
NM_182840	Emilin3	160732173	160738075
NM_022883	Lpin3	160706405	160731736
NM_001291154	Sgk2	162813216	162839875
NM_001291152	Sgk2	162817150	162839875
NM_013731	Sgk2	162813216	162839875
NM_144891	Gdap1l1	163264202	163281060
NM_001099331	R3hdml	163318053	163328348
NM_029512	Ttpal	163428049	163444749
NM_181734	Ttpal	163428049	163444749
NM_001305803	Ttpal	163432947	163444749
NM_001039390	Pkig	163484121	163551894
NM_001277096	Pkig	163484121	163551894
NM_007398	Ada	163552306	163575975
NM_011106	Pkig	163519772	163551894
NM_001164055	Pkig	163484121	163551894
NM_001164053	Pkig	163484193	163551894
NM_001039391	Pkig	163484121	163551894
NM_012032	Serinc3	163449008	163470879
NM_001272052	Ada	163552306	163575975
NM_016873	Wisp2	163646569	163658883
NM_001291155	Tomm34	163879275	163896905
NM_001114079	Pabpc1l	163850959	163876274
NM_025996	Tomm34	163879275	163896838
NM_138685	Wfdc15b	164040189	164047399
NM_008435	Kcns1	163989354	163996849
NM_145369	Wfdc5	164002060	164008478
NM_017390	Svs2	164061664	164064077
NM_001045554	Wfdc15b	164040189	164047399
NM_173377	Svs3b	164080098	164082379
NM_013679	Svs6	164142486	164144186
NM_021363	Svs3a	164115003	164117236
NM_001252563	Matn4	164215128	164230660
NM_013592	Matn4	164215128	164230318
NM_009301	Svs5	164158500	164160130
NM_001311114	Svs3a	164115002	164117236
NM_025575	Sys1	164286470	164291010
NM_001048229	Dbndd2	164313610	164318823
NM_001048228	Dbndd2	164312376	164318823
NM_001048227	Dbndd2	164311639	164318823
NM_133779	Pigt	164323024	164333801
NM_026797	Dbndd2	164311954	164318823
NM_001271575	Trp53tg5	164295803	164299224
NM_001177401	Spint3	164395194	164398956
NM_001033240	Wfdc6a	164405018	164410947
NM_001276431	Wfdc8	164421957	164439126
NM_001012725	Wfdc6b	164439199	164443713
NM_001012723	Wfdc16	164460207	164464302
NM_001080550	Wfdc8	164421957	164439126
NM_001177848	Wfdc6a	164405018	164410677
NM_001160414	Wfdc9	164475124	164480466
NM_001276432	Wfdc8	164421957	164438886
NM_009394	Tnnc2	164602661	164605234
NM_001082974	Neurl2	164656229	164659096
NM_011125	Pltp	164665017	164683208
NM_029370	Spata25	164652881	164654034
NM_199027	Zfp335	164717391	164737250
NM_020333	Slc12a5	164793487	164825231
NM_144892	Ncoa5	164825856	164860279
NM_013599	Mmp9	164773718	164781349
NM_001252575	Slc35c2	165102021	165113338
NM_001252574	Slc35c2	165102021	165113287
NM_001252573	Slc35c2	165102021	165113287
NM_001302752	Elmo2	165113530	165146326
NM_144893	Slc35c2	165102021	165113338
NM_001302754	Elmo2	165113530	165141851
NM_178411	Zfp334	165202935	165213759
NM_001007581	Trp53rka	165315611	165318814
NM_008679	Ncoa3	165818136	165898742
NM_023815	Trp53rkb	166619266	166624992
NM_001085495	Arfgef2	166631080	166723551
NM_001291160	Stau1	166773048	166821799
NM_001109905	Stau1	166773048	166821799
NM_001109906	Stau1	166773048	166821799
NM_023565	Cse1l	166731595	166771889
NM_011490	Stau1	166773048	166821799
NM_001291162	Znfx1	166861295	166868995
NM_001033196	Znfx1	166861296	166888515
NM_001081005	1500012F01Rik	166888433	166891362
NM_019835	B4galt5	167123944	167174678
NM_001311131	Ube2v1	167433138	167457505
NM_001311146	Ube2v1	167433138	167457505
NM_009883	Cebpb	167514414	167515932
NM_001287739	Cebpb	167514414	167515932
NM_001287738	Cebpb	167514414	167515932
NM_009628	Adnp	168006464	168032612
NM_021409	Pard6b	167906503	167926703
NM_001310088	Adnp	168006464	168032612
NM_001310086	Adnp	168006464	168032612
NM_010072	Dpm1	168034547	168055879
NM_001160330	Mocs3	168056121	168057803
NM_001310084	Dpm1	168034547	168055879
NM_001136073	Nfatc2	168301909	168415865
NM_001291170	Nfatc2	168301909	168427157
NM_001291168	Nfatc2	168301909	168427157
NM_001291173	Nfatc2	168301909	168427157
NM_001291172	Nfatc2	168343698	168427157
NM_001291171	Nfatc2	168301909	168427157
NM_001291169	Nfatc2	168301909	168427157
NM_001291179	Nfatc2	168343698	168415865
NM_001291178	Nfatc2	168301909	168415865
NM_001291177	Nfatc2	168301909	168415865
NM_001291176	Nfatc2	168301909	168415865
NM_001291175	Nfatc2	168301909	168415865
NM_010899	Nfatc2	168301909	168415865
NM_001037178	Nfatc2	168343698	168427157
NM_001037177	Nfatc2	168343698	168415865
NM_001291174	Nfatc2	168301909	168427157
NM_009564	Zfp64	168750860	168781087
NM_001033299	Zfp217	169934142	169956720
NM_001159683	Zfp217	169934142	169968175
NM_029815	Bcas1	170172490	170253345
NM_001164369	Bcas1	170172490	170253345
NM_001013369	Pfdn4	170321927	170344570
NM_001199902	Pfdn4	170336729	170344570
NM_001110152	Pfdn4	170336729	170344570
NM_011497	Aurka	172181689	172196070
NM_025912	Fam210b	172171076	172181249
NM_001291185	Aurka	172181689	172196070
NM_001159696	Tfap2c	172376490	172384121
NM_009335	Tfap2c	172375092	172384121
NM_001083960	Spo11	172805342	172819077
NM_175112	Rae1	172825617	172841240
NM_019547	Rbm38	172847402	172860232
NM_001305434	Spo11	172805342	172819077
NM_001083959	Spo11	172805342	172819077
NM_012046	Spo11	172805342	172819077
NM_001139519	Zbp1	173039236	173044423
NM_022995	Pmepa1	173049965	173102034
NM_021394	Zbp1	173032113	173044423
NM_001199955	Ankrd60	173397890	173403842
NM_028158	1700021F07Rik	173348092	173354003
NM_027303	Ankrd60	173394161	173403842
NM_029308	1700010B08Rik	173544915	173547587
NM_019806	Vapb	173563071	173609837
NM_001102425	Stx16	173902551	173925272
NM_001102424	Stx16	173902551	173925272
NM_001102423	Stx16	173902551	173925272
NM_172675	Stx16	173902551	173925272
NM_213733	Npepl1	173935851	173948203
NM_025983	Atp5e	174286575	174289602
NM_001080971	Tubb1	174276095	174283881
NM_020580	Nelfcd	174241304	174253003
NM_001099328	Zfp831	174469034	174536331
NM_001085546	Gm14393	174887049	174893270
NM_001099308	Gm14391	175019779	175032425
NM_001164689	Gm6710	175018480	175032418
NM_001033123	Gm14288	175100624	175109351
NM_001177480	Gm14391	175010665	175032425
NM_001256480	Gm4724	175147334	175163713
NM_001177405	Gm8898	175197962	175210780
NM_001177407	Gm8898	175197962	175210780
NM_001177406	Gm14431	175197962	175210780
NM_001177404	Gm14431	175197962	175210780
NM_001242944	Gm8923	175295525	175306054
NM_001256480	Gm4724	175244891	175261278
NM_001305133	Gm14296	175454408	175468174
NM_001305132	Gm14296	175454408	175468174
NM_001305137	2210418O10Rik	175454408	175468174
NM_001305136	2210418O10Rik	175454408	175468174
NM_001177543	0610010B08Rik	175639522	175655901
NM_001177543	0610010B08Rik	175737073	175753460
NM_001177405	Gm8898	175690012	175702830
NM_001256480	Gm4724	175639522	175655901
NM_001256480	Gm4724	175737073	175753460
NM_001177407	Gm8898	175690012	175702830
NM_001177406	Gm14431	175690012	175702830
NM_001177404	Gm14431	175690012	175702830
NM_001033123	Gm14288	175791443	175800170
NM_001099308	Gm14391	175868369	175881015
NM_001164689	Gm6710	175868376	175882314
NM_001177405	Gm8898	175917414	175930232
NM_001177404	Gm14431	175917414	175930232
NM_001177407	Gm8898	175917414	175930232
NM_001177406	Gm14431	175917414	175930232
NM_001242944	Gm8923	176131421	176141950
NM_001100416	OTTMUSG00000016609	176082748	176097171
NM_001099327	Gm14305	176083704	176097171
NM_001256480	Gm4724	176266768	176283149
NM_001033123	Gm14288	176321136	176329863
NM_001256480	Gm4724	176404641	176421028
NM_001177543	0610010B08Rik	176404641	176421028
NM_001100416	OTTMUSG00000016609	176493061	176507478
NM_001099327	Gm14305	176493061	176506522
NM_001205057	Gm14295	176583304	176593409
NM_001305137	2210418O10Rik	176698752	176712518
NM_001305133	Gm14296	176698752	176712518
NM_001305136	2210418O10Rik	176698752	176712518
NM_001305132	Gm14296	176698752	176712518
NM_001177568	Gm14420	177249446	177263899
NM_001243903	Gm14322	177493992	177507980
NM_183135	C330013J21Rik	177637768	177660355
NM_001282028	Gm14326	177670697	177691993
NM_001190302	Gm14326	177679295	177691993
NM_001177400	Etohi1	177757988	177767215
NM_001177399	Etohi1	177757988	177770564
NM_001162922	Zfp931	177801582	177813130
NM_001085501	Ppp1r3d	178145910	178149168
NM_001291189	Cdh26	178165219	178222071
NM_198656	Cdh26	178165219	178222071
NM_001083329	Mtg2	179805297	179820607
NM_178750	Ss18l1	179777187	179804906
NM_011969	Psma7	179771071	179777169
NM_177727	Lsm14b	179759691	179770166
NM_181424	Mtg2	179805297	179820607
NM_001083328	Mtg2	179805297	179820607
NM_001289476	Psma7	179771071	179777169
NM_028422	Mtg2	179805297	179820607
NM_001081171	Lama5	179911077	179960564
NM_133849	Hrh3	179834169	179839112
NM_025587	Rps21	179992083	179993149
NM_145851	Cables2	179993243	180008170
NM_008093	Gata5	180059792	180069384
NM_173031	Rbbp8nl	180012350	180024584
NM_031373	Ogfr	180324111	180330542
NM_001289652	Gid8	180444930	180456304
NM_178254	Tcfl5	180356661	180377396
NM_029607	Gid8	180447250	180456304
NM_001289651	Gid8	180445032	180456304
NM_183161	Slc17a9	180460043	180476983
NM_080641	Bhlhe23	180509085	180511605
NM_001177706	Arfgap1	180702004	180717229
NM_001141933	Nkain4	180669476	180689404
NM_001177710	Arfgap1	180701929	180717229
NM_145760	Arfgap1	180701929	180717229
NM_001177709	Arfgap1	180701929	180717229
NM_001177708	Arfgap1	180701929	180717229
NM_001177707	Arfgap1	180701929	180717229
NM_021426	Nkain4	180669476	180689404
NM_015730	Chrna4	180757015	180773882
NM_001003825	Kcnq2	180810283	180869994
NM_001006674	Kcnq2	180810283	180869994
NM_001302888	Kcnq2	180810283	180869994
NM_001006669	Kcnq2	180810283	180869994
NM_001003824	Kcnq2	180810283	180869994
NM_010611	Kcnq2	180810283	180869994
NM_001006668	Kcnq2	180810283	180869994
NM_011481	Srms	180940267	180947876
NM_183162	Helz2	180962319	180976732
NM_001048148	Zgpat	181100127	181115498
NM_001001882	Rtel1	181054428	181091321
NM_001166668	Rtel1	181054428	181091321
NM_001166667	Rtel1	181054428	181091321
NM_001166666	Rtel1	181054428	181091321
NM_001166665	Rtel1	181054428	181091321
NM_023684	Lime1	181115939	181118333
NM_144894	Zgpat	181099635	181115498
NM_001291203	Tpd52l2	181231846	181252667
NM_183181	Abhd16b	181227910	181229685
NM_028125	Zbtb46	181145251	181194131
NM_025482	Tpd52l2	181231846	181252667
NM_001291200	Tpd52l2	181231846	181252667
NM_001291197	Tpd52l2	181231846	181252667
NM_001291204	Tpd52l2	181231846	181252667
NM_001291202	Tpd52l2	181231846	181252667
NM_001291201	Tpd52l2	181231846	181252667
NM_001164597	Zfp512b	181316807	181327166
NM_133701	Prpf6	181336023	181390366
NM_026446	Rgs19	181423123	181428682
NM_001252565	Oprl1	181450052	181455690
NM_199023	Lkaaear1	181431499	181433147
NM_011012	Oprl1	181449720	181455690
NM_009236	Sox18	181404541	181406345
NM_001291210	Rgs19	181423123	181428682
NM_001291209	Rgs19	181423123	181428682
NM_001291208	Rgs19	181423123	181428515
NM_001291207	Rgs19	181423123	181428682
NM_001291206	Rgs19	181423123	181428515
NM_001291205	Rgs19	181423123	181426522
NM_025901	Polr3k	181599064	181605531
NM_153594	Pcmtd2	181572558	181592165
NM_001291211	Pcmtd2	181572558	181592165
